july_vh_max_db,june_vh_min_exclusive_db,delta_vh_max_db,raw_pixels,water_ge90_pixels,water_unknown_pixels,retained_pixels,vv_decrease_pixels,retained_area_km2,percent_eligible
-18,-18,-2,349470,135,0,349335,216651,34.9335,1.3080103733214785
-18,-18,-3,229471,108,0,229363,149984,22.936300000000003,0.8588008165690075
-18,-18,-4,129752,87,0,129665,89843,12.9665,0.48550292715224497
-21,-21,-2,84722,104,0,84618,57926,8.4618,0.31683404688827876
-21,-21,-3,63729,88,0,63641,45758,6.3641000000000005,0.2382901460447771
-21,-21,-4,44670,69,0,44601,33954,4.460100000000001,0.16699892842260655
-24,-24,-2,38256,196,0,38060,24134,3.806,0.1425075495115447
-24,-24,-3,29789,172,0,29617,19865,2.9617,0.11089453741154544
-24,-24,-4,22489,142,0,22347,15909,2.2347,0.0836735735400549
