patch_id,pixels,area_m2,area_ha,status,june_vh_db_median,june_vv_db_median,july_vh_db_median,july_vv_db_median,delta_vh_db_median,delta_vv_db_median,dsm_elevation_m_median,slope_deg_median,slope_known_pixels,vv_decrease_pct
C0001,30,3000,0.3,exploratory_unvalidated,-18.719892501831055,-11.42117977142334,-22.960397720336914,-11.75453805923462,-3.8121156692504883,0.16343927383422852,1.6798900365829468,0.5748259723186493,30,46.666666666666664
C0002,27,2700,0.27,exploratory_unvalidated,-16.71192741394043,-9.135619163513184,-21.913373947143555,-11.735967636108398,-5.00102424621582,-2.650509834289551,2.69171404838562,1.2557501792907715,27,96.29629629629629
C0003,26,2600,0.26,exploratory_unvalidated,-17.170018196105957,-11.225827693939209,-22.926525115966797,-11.21883249282837,-5.607867240905762,0.033316612243652344,14.912706851959229,1.2285317182540894,26,50.0
C0004,25,2500,0.25,exploratory_unvalidated,-17.547794342041016,-10.369424819946287,-22.18846702575684,-11.27824592590332,-4.519041061401367,-0.3715925216674804,13.641024589538574,0.6336897015571594,25,64.0
C0005,94,9400,0.9400000000000001,exploratory_unvalidated,-18.958938598632812,-10.836623191833496,-23.644164085388184,-12.746418952941895,-4.356656074523926,-1.0771713256835938,15.655550956726074,0.9881299734115601,94,85.1063829787234
C0006,39,3900,0.39,exploratory_unvalidated,-19.03683280944824,-9.82794952392578,-23.746898651123047,-12.411981582641602,-4.322750091552734,-2.6034231185913086,13.914978981018066,1.5588304996490479,39,92.3076923076923
C0007,34,3400,0.34,exploratory_unvalidated,-17.303812980651855,-10.418155670166016,-21.758106231689453,-13.166051864624023,-4.611767768859863,-2.766667366027832,1.1146147847175598,0.6539370715618134,34,94.11764705882352
C0008,26,2600,0.26,exploratory_unvalidated,-19.869154930114746,-10.109169006347656,-24.37137508392334,-11.346697807312012,-4.401675224304199,-1.0543630123138428,27.658353805541992,2.893690586090088,26,84.61538461538461
C0009,25,2500,0.25,exploratory_unvalidated,-18.590227127075195,-12.36123752593994,-23.11981201171875,-11.5513277053833,-4.529584884643555,0.8505697250366211,2.5563771724700928,1.5304088592529297,25,40.0
C0010,93,9300,0.93,exploratory_unvalidated,-13.987720489501951,-6.99156665802002,-25.567853927612305,-18.012094497680664,-11.37769889831543,-11.15000057220459,0.0,0.8267015814781189,93,100.0
C0011,26,2600,0.26,exploratory_unvalidated,-15.803258895874023,-11.656501293182373,-24.188597679138184,-17.664673805236816,-8.329058647155762,-6.313472270965576,0.0191565593704581,0.46861332654953003,26,96.15384615384616
C0012,137,13700,1.37,exploratory_unvalidated,-13.40028190612793,-6.4110260009765625,-22.50105857849121,-13.222386360168455,-9.09207820892334,-6.957253456115723,0.630683422088623,0.6482380628585815,137,100.0
C0013,189,18900,1.8900000000000001,exploratory_unvalidated,-13.723919868469238,-5.65172004699707,-22.693439483642575,-14.08162784576416,-9.068848609924316,-8.444321632385254,0.5000177025794983,0.6457746624946594,189,100.0
C0014,32,3200,0.32,exploratory_unvalidated,-17.462775230407715,-1.8607938885688782,-22.301711082458496,-13.436968803405762,-4.585977554321289,-11.859637260437012,5.084338665008545,2.566833257675171,32,100.0
C0015,28,2800,0.28,exploratory_unvalidated,-14.996213912963867,-9.166580200195312,-23.807185173034668,-16.89719009399414,-8.348187923431396,-7.192549228668213,1.0422783493995667,0.3779139220714569,28,100.0
C0016,27,2700,0.27,exploratory_unvalidated,-19.108083724975582,-16.046619415283203,-24.34680938720703,-16.716642379760742,-4.775617599487305,-0.9486045837402344,38.70435333251953,0.5262849926948547,27,74.07407407407408
C0017,59,5900,0.59,exploratory_unvalidated,-15.128615379333496,-9.585607528686523,-23.42103385925293,-17.818269729614258,-8.312631607055664,-8.517560958862305,1.788392424583435,0.24912689626216888,59,100.0
C0018,36,3600,0.36,exploratory_unvalidated,-14.50919771194458,-10.795005798339844,-30.944000244140625,-21.58042812347412,-16.750072479248047,-11.267112731933594,0.09148976579308504,0.4774646461009979,36,100.0
C0019,100,10000,1.0,exploratory_unvalidated,-17.192660331726074,-8.267537117004395,-21.874350547790527,-12.313962936401365,-4.83975887298584,-3.8257970809936523,6.247873544692993,1.7556819915771484,100,100.0
C0020,60,6000,0.6,exploratory_unvalidated,-14.077568054199219,-9.239989280700684,-22.02098560333252,-12.523011207580566,-7.8868327140808105,-3.926746368408203,8.015734195709229,2.751585006713867,60,96.66666666666667
C0021,26,2600,0.26,exploratory_unvalidated,-18.18632984161377,-11.946109294891357,-22.80662250518799,-15.069334506988525,-4.385677337646484,-1.4307899475097656,31.721628189086914,1.1364617347717285,26,76.92307692307693
C0022,54,5400,0.54,exploratory_unvalidated,-17.34038257598877,-10.921872615814209,-27.68172836303711,-18.735214233398438,-9.873839378356934,-6.788303852081299,0.8153000771999359,0.3223239481449127,54,98.14814814814815
C0023,37,3700,0.37,exploratory_unvalidated,-15.318982124328612,-8.987789154052734,-24.55746459960937,-17.328500747680664,-9.366162300109863,-7.652544021606445,1.6476492881774902,4.465509414672852,37,94.5945945945946
C0024,25,2500,0.25,exploratory_unvalidated,-15.54485321044922,-8.214588165283203,-23.499683380126957,-18.563024520874023,-7.662126541137695,-10.381067276000977,1.4948278665542605,5.547656536102295,25,100.0
C0025,56,5600,0.56,exploratory_unvalidated,-15.188928604125977,-9.376208782196045,-26.386448860168457,-19.857309341430664,-11.302427768707275,-10.237136363983154,4.976698160171509,4.508841514587402,56,98.21428571428571
C0026,48,4800,0.48,exploratory_unvalidated,-12.884589672088623,-8.17725419998169,-25.143380165100098,-17.67184066772461,-11.226437091827393,-10.2470064163208,0.20045576989650726,0.327505886554718,48,97.91666666666666
C0027,29,2900,0.29,exploratory_unvalidated,-13.005109786987305,-9.542160034179688,-27.81231689453125,-17.435728073120117,-11.065409660339355,-7.820564270019531,0.390167236328125,0.2884013056755066,29,89.65517241379311
C0028,29,2900,0.29,exploratory_unvalidated,-15.959017753601074,-11.44871425628662,-22.22229385375977,-16.714855194091797,-5.906791687011719,-5.0433855056762695,27.04996681213379,1.9405138492584229,29,100.0
C0029,37,3700,0.37,exploratory_unvalidated,-17.901655197143555,-8.999157905578613,-22.745201110839844,-11.670424461364746,-4.843545913696289,-2.5072784423828125,4.702053070068359,0.8134750723838806,37,94.5945945945946
C0030,38,3800,0.38,exploratory_unvalidated,-18.92424964904785,-11.920056819915771,-27.590458869934082,-19.505970001220703,-8.191695213317871,-8.108628749847412,0.3330998718738556,0.43540966510772705,38,100.0
C0031,72,7200,0.72,exploratory_unvalidated,-17.559484481811523,-12.132179260253906,-21.76659107208252,-15.01099157333374,-4.211487770080566,-2.814413070678711,11.33820390701294,1.8346799612045288,72,97.22222222222221
C0032,65,6500,0.65,exploratory_unvalidated,-14.292320251464844,-8.5802001953125,-27.69576072692871,-19.5584716796875,-13.541264533996582,-10.829679489135742,0.2734361886978149,0.4067133665084839,65,100.0
C0033,26,2600,0.26,exploratory_unvalidated,-16.262627601623535,-10.667012214660645,-23.728273391723633,-17.276649475097656,-6.8321990966796875,-6.002529621124268,22.99570655822754,0.06811053492128849,26,100.0
C0034,71,7100,0.71,exploratory_unvalidated,-17.647106170654297,-8.93069839477539,-22.223642349243164,-15.73271942138672,-4.487695693969727,-6.743263244628906,7.531388759613037,0.6611390113830566,71,100.0
C0035,25,2500,0.25,exploratory_unvalidated,-19.222286224365234,-13.181971549987791,-23.55850982666016,-13.370763778686523,-4.43651008605957,0.0402374267578125,8.455025672912598,2.1168816089630127,25,48.0
C0036,41,4100,0.41000000000000003,exploratory_unvalidated,-16.574386596679688,-8.9702787399292,-21.832324981689453,-13.433152198791504,-5.59227180480957,-4.1224517822265625,8.727188110351562,1.267877221107483,41,100.0
C0037,32,3200,0.32,exploratory_unvalidated,-16.9714412689209,-9.841876983642578,-21.731680870056152,-10.231634140014648,-5.024580001831055,-0.9152770042419434,8.116999626159668,1.2710336446762085,32,81.25
C0038,40,4000,0.4,exploratory_unvalidated,-13.254525184631348,-7.763612508773804,-30.912514686584473,-20.383492469787598,-17.59749984741211,-12.289645671844482,0.00765868905000385,0.3039543330669403,40,100.0
C0039,39,3900,0.39,exploratory_unvalidated,-18.96581077575684,-12.271440505981444,-22.84674072265625,-13.638872146606444,-3.762104034423828,-1.235701560974121,7.548633098602295,0.449337363243103,39,97.43589743589743
C0040,95,9500,0.9500000000000001,exploratory_unvalidated,-14.232413291931152,-7.548686027526855,-23.309059143066406,-12.210719108581545,-9.45217990875244,-4.42589282989502,7.761354923248291,0.781353771686554,95,96.84210526315789
C0041,29,2900,0.29,exploratory_unvalidated,-18.040882110595703,-11.379267692565918,-21.79679679870605,-12.023029327392578,-3.804510116577149,-1.3365364074707031,7.269681930541992,0.9167941212654114,29,75.86206896551724
C0042,63,6300,0.63,exploratory_unvalidated,-17.725521087646484,-7.317549705505371,-23.381467819213867,-8.493912696838379,-5.819753646850586,-1.4171104431152344,0.5011975765228271,1.2512437105178833,63,74.60317460317461
C0043,32,3200,0.32,exploratory_unvalidated,-20.17176055908203,-14.303529739379883,-24.873979568481445,-17.695542335510254,-4.698213577270508,-3.032057762145996,16.646538734436035,0.2536849081516266,32,96.875
C0044,40,4000,0.4,exploratory_unvalidated,-18.549736976623535,-11.691190719604492,-23.053911209106445,-12.755829811096191,-4.207745552062988,-0.8839426040649414,5.269258975982666,0.4961279034614563,40,80.0
C0045,49,4900,0.49,exploratory_unvalidated,-19.72918701171875,-11.687153816223145,-24.76986122131348,-15.214439392089844,-4.846536636352539,-3.5861587524414062,6.698864936828613,1.1265910863876343,49,91.83673469387756
C0046,32,3200,0.32,exploratory_unvalidated,-18.669995307922363,-10.140650272369385,-22.563079833984375,-11.189167499542236,-3.5613756179809575,-1.208909511566162,8.072514533996582,0.4529867172241211,32,71.875
C0047,26,2600,0.26,exploratory_unvalidated,-19.094843864440918,-11.063310623168945,-23.75600528717041,-11.298456192016602,-4.548383712768555,-0.4269599914550781,9.649704456329346,0.9386026263237,26,53.84615384615385
C0048,55,5500,0.55,exploratory_unvalidated,-18.40875625610352,-10.713892936706545,-23.33995056152344,-12.564095497131348,-5.388513565063477,-1.837808609008789,4.653317928314209,2.4795265197753906,55,85.45454545454545
C0049,25,2500,0.25,exploratory_unvalidated,-17.785072326660156,-12.297603607177734,-22.80035972595215,-11.160958290100098,-4.670469284057617,0.8234767913818359,5.164266586303711,1.1712464094161987,25,20.0
C0050,29,2900,0.29,exploratory_unvalidated,-19.20427703857422,-13.852696418762209,-23.907508850097656,-12.937093734741213,-4.794515609741211,1.1486701965332031,7.821270942687988,3.4582204818725586,29,37.93103448275862
C0051,37,3700,0.37,exploratory_unvalidated,-17.717933654785156,-7.894452571868896,-27.870586395263672,-18.72697257995605,-9.328752517700195,-10.155279159545898,0.8680824637413025,0.5290884971618652,37,100.0
C0052,50,5000,0.5,exploratory_unvalidated,-18.465710639953613,-13.450564861297607,-28.566601753234863,-20.63774871826172,-9.693632125854492,-7.145159721374512,0.2952490001916885,0.9053705930709839,50,100.0
C0053,41,4100,0.41000000000000003,exploratory_unvalidated,-18.92230033874512,-12.841774940490724,-23.13040542602539,-12.968403816223145,-3.838781356811523,-0.3772573471069336,6.797155857086182,0.38707613945007324,41,65.85365853658537
C0054,39,3900,0.39,exploratory_unvalidated,-17.52865982055664,-9.001363754272461,-22.35630798339844,-11.761539459228516,-4.794923782348633,-2.1525821685791016,6.444199085235596,1.468369722366333,39,97.43589743589743
C0055,29,2900,0.29,exploratory_unvalidated,-17.7600040435791,-10.572809219360352,-21.921640396118164,-10.200666427612305,-3.8624210357666016,-0.2566976547241211,6.330410480499268,0.7539671063423157,29,51.724137931034484
C0056,29,2900,0.29,exploratory_unvalidated,-17.48967742919922,-10.603404998779297,-21.418495178222656,-12.018976211547852,-4.23930549621582,-1.7469682693481443,11.024945259094238,1.6983035802841187,29,75.86206896551724
C0057,78,7800,0.78,exploratory_unvalidated,-18.53743839263916,-10.015872478485107,-22.735976219177246,-11.396737575531006,-4.545841217041016,-2.4091429710388184,13.71304702758789,2.034775733947754,78,93.58974358974359
C0058,64,6400,0.64,exploratory_unvalidated,-17.173206329345703,-11.019417285919188,-22.32950210571289,-14.42965030670166,-5.080107688903809,-3.2538862228393555,8.125805377960205,0.9394225478172302,64,95.3125
C0059,43,4300,0.43,exploratory_unvalidated,-16.265382766723633,-7.892806529998779,-21.821252822875977,-10.510847091674805,-5.757726669311523,-2.939119815826416,12.431262016296388,4.763070106506348,43,95.34883720930233
C0060,42,4200,0.42,exploratory_unvalidated,-17.50385856628418,-11.974327087402344,-22.232707023620605,-13.308537006378174,-4.694165229797363,-0.8001713752746582,16.315579414367676,2.7671444416046143,42,83.33333333333334
C0061,37,3700,0.37,exploratory_unvalidated,-17.423810958862305,-9.095906257629396,-22.78009605407715,-13.436192512512209,-5.286231994628906,-3.909445762634277,13.335325241088867,4.039738178253174,37,100.0
C0062,40,4000,0.4,exploratory_unvalidated,-19.0650577545166,-7.907606363296509,-23.93002700805664,-13.127415180206299,-4.48392391204834,-5.138154029846191,27.853376388549805,0.7654272317886353,40,100.0
C0063,39,3900,0.39,exploratory_unvalidated,-18.761585235595703,-12.143486976623535,-22.5143985748291,-15.09362506866455,-3.841497421264648,-2.88789176940918,13.12720775604248,1.0621393918991089,39,100.0
C0064,25,2500,0.25,exploratory_unvalidated,-19.57633781433105,-14.452534675598145,-23.76106834411621,-14.513648986816406,-3.887386322021485,-0.8111791610717773,14.240803718566896,0.8228026628494263,25,64.0
C0065,30,3000,0.3,exploratory_unvalidated,-18.264859199523926,-13.787879943847656,-22.262490272521973,-12.666160106658936,-3.8605051040649414,0.7777624130249023,5.4057910442352295,5.619074821472168,30,33.33333333333333
C0066,33,3300,0.33,exploratory_unvalidated,-18.62111091613769,-11.84915828704834,-23.227197647094727,-14.63731861114502,-4.3914794921875,-2.5789308547973637,9.32972240447998,0.7166948318481445,33,100.0
C0067,33,3300,0.33,exploratory_unvalidated,-15.641260147094728,-8.91540813446045,-21.559154510498047,-11.067465782165527,-6.081605911254883,-2.1967501640319824,8.457175254821777,0.474682092666626,33,96.96969696969697
C0068,34,3400,0.34,exploratory_unvalidated,-18.164788246154785,-14.345053672790527,-22.49252700805664,-13.611123085021973,-4.356505393981934,0.7673053741455078,7.78687047958374,0.5328598022460938,34,17.647058823529413
C0069,27,2700,0.27,exploratory_unvalidated,-16.506061553955078,-10.1846342086792,-21.576011657714844,-8.661271095275879,-5.348434448242188,1.7620015144348145,6.616305351257324,1.6416138410568237,27,18.51851851851852
C0070,32,3200,0.32,exploratory_unvalidated,-16.81350612640381,-4.199892997741699,-21.84536075592041,-7.679656267166138,-4.985125541687012,-3.537318468093872,5.678968191146851,1.5510188341140747,32,100.0
C0071,31,3100,0.31,exploratory_unvalidated,-18.156280517578125,-12.417777061462402,-23.528812408447266,-11.523263931274414,-5.468844413757324,0.8161983489990234,0.5,0.0,31,29.03225806451613
C0072,39,3900,0.39,exploratory_unvalidated,-19.183916091918945,-12.263041496276855,-23.981739044189453,-12.504230499267578,-4.579246520996094,-0.3026676177978515,18.161489486694336,1.5944243669509888,39,66.66666666666666
C0073,27,2700,0.27,exploratory_unvalidated,-17.44099998474121,-12.41561508178711,-24.293460845947266,-14.479554176330566,-5.866735458374023,-2.193767547607422,0.5,0.0,27,66.66666666666666
C0074,42,4200,0.42,exploratory_unvalidated,-16.388312339782715,-10.821338653564453,-22.164567947387695,-12.388878345489502,-5.832406997680664,-1.173020362854004,0.5,0.0,42,69.04761904761905
C0075,329,32900,3.29,exploratory_unvalidated,-15.036070823669434,-7.635264873504639,-25.674409866333008,-17.447120666503906,-10.452034950256348,-9.167139053344728,0.5,0.0,329,99.69604863221885
C0076,37,3700,0.37,exploratory_unvalidated,-15.517836570739746,-9.819080352783203,-22.63697052001953,-12.52061653137207,-7.131473541259766,-2.8934288024902344,0.5,0.07531651109457016,37,75.67567567567568
C0077,25,2500,0.25,exploratory_unvalidated,-18.15374183654785,-10.817246437072754,-23.22083854675293,-13.132108688354492,-6.867595672607422,-1.609196662902832,0.5,0.0,25,68.0
C0078,35,3500,0.35000000000000003,exploratory_unvalidated,-18.626832962036133,-14.249794960021973,-28.594879150390625,-18.73070335388184,-10.83248519897461,-4.356675148010254,0.5,0.0,35,97.14285714285714
C0079,2200,220000,22.0,exploratory_unvalidated,-16.350406646728516,-9.25253963470459,-27.20877170562744,-17.369317054748535,-11.046507835388184,-8.015123844146729,0.5,0.0,2200,98.5909090909091
C0080,26,2600,0.26,exploratory_unvalidated,-18.64578342437744,-15.384296417236328,-23.231521606445312,-13.528051853179932,-5.16502571105957,1.1941943168640137,7.742127418518066,5.592090845108032,26,23.076923076923077
C0081,63,6300,0.63,exploratory_unvalidated,-16.327985763549805,-5.207840442657471,-22.07074546813965,-8.237707138061523,-5.775618553161621,-3.211913585662842,10.537607192993164,3.6232399940490723,63,98.4126984126984
C0082,37,3700,0.37,exploratory_unvalidated,-15.56460189819336,-8.831764221191406,-21.801250457763672,-11.15065097808838,-6.636739730834961,-2.032455921173096,4.217121124267578,0.28991585969924927,37,97.2972972972973
C0083,115,11500,1.1500000000000001,exploratory_unvalidated,-16.20599365234375,-8.80408763885498,-22.17527961730957,-13.471476554870604,-6.043989181518555,-4.284750938415527,12.308334350585938,5.768221855163574,115,96.52173913043478
C0084,31,3100,0.31,exploratory_unvalidated,-17.257091522216797,-8.94192886352539,-22.090089797973636,-8.909477233886719,-4.390636444091797,-0.4656248092651367,5.3748393058776855,3.224154472351074,31,54.83870967741935
C0085,43,4300,0.43,exploratory_unvalidated,-17.29658317565918,-11.315825462341309,-21.617862701416016,-13.736391067504885,-4.405067443847656,-2.696949958801269,1.766269564628601,0.5643850564956665,43,97.67441860465115
C0086,33,3300,0.33,exploratory_unvalidated,-16.0554256439209,-8.746405601501465,-21.57248306274414,-11.236322402954102,-5.193458557128906,-2.98134994506836,1.5030560493469238,0.26362624764442444,33,100.0
C0087,100,10000,1.0,exploratory_unvalidated,-15.221811771392822,-9.335108280181885,-21.621572494506836,-14.064348220825195,-6.762178421020508,-4.730728626251221,5.759274482727051,2.178072214126587,100,98.0
C0088,56,5600,0.56,exploratory_unvalidated,-18.510273933410645,-10.549100399017334,-22.699543952941898,-11.888694763183594,-4.317708969116211,-0.6981892585754395,3.719110131263733,5.211267948150635,56,69.64285714285714
C0089,34,3400,0.34,exploratory_unvalidated,-17.178135871887207,-9.576746940612793,-22.183716773986816,-10.427058219909668,-5.086893081665039,-0.8778705596923828,0.9946944415569305,0.34442664682865143,34,76.47058823529412
C0090,32,3200,0.32,exploratory_unvalidated,-14.594419956207275,-9.541072368621826,-21.823050498962402,-13.387446880340576,-7.709767818450928,-3.97457218170166,2.4093345403671265,0.6990541219711304,32,100.0
C0091,30,3000,0.3,exploratory_unvalidated,-14.884846210479736,-9.793354511260986,-21.671835899353027,-13.099503517150879,-7.430327892303467,-3.403536081314087,7.0344202518463135,2.7950762510299683,30,96.66666666666667
C0092,25,2500,0.25,exploratory_unvalidated,-16.421409606933594,-8.409358024597168,-22.08936309814453,-8.688828468322754,-5.281118392944336,-0.0043277740478515,9.049138069152832,6.299996376037598,25,52.0
C0093,25,2500,0.25,exploratory_unvalidated,-16.64702033996582,-6.083237648010254,-22.512327194213867,-9.445772171020508,-4.890844345092773,-3.09317398071289,8.440719604492188,3.601641893386841,25,88.0
C0094,119,11900,1.19,exploratory_unvalidated,-17.552289962768555,-7.876373767852783,-23.06793975830078,-10.007472038269045,-5.78643798828125,-1.8751335144042969,2.651432514190674,0.936018168926239,119,95.7983193277311
C0095,33,3300,0.33,exploratory_unvalidated,-17.53093719482422,-10.46313190460205,-21.92861557006836,-9.550395011901855,-4.128725051879883,0.756251335144043,10.305124282836914,5.5310282707214355,33,12.121212121212121
C0096,25,2500,0.25,exploratory_unvalidated,-14.912060737609863,-7.591500282287598,-21.561262130737305,-10.89093780517578,-6.611396789550781,-3.462955474853516,8.224024772644043,1.365265130996704,25,100.0
C0097,52,5200,0.52,exploratory_unvalidated,-17.619731903076172,-9.837591648101807,-22.085816383361816,-9.915669441223145,-4.352816581726074,-0.49199724197387695,9.635392189025879,0.7074605822563171,52,65.38461538461539
C0098,48,4800,0.48,exploratory_unvalidated,-14.463648319244385,-7.145334482192993,-22.67857265472412,-10.834498882293701,-8.53910493850708,-3.463656187057495,8.778672218322754,4.750251293182373,48,77.08333333333334
C0099,26,2600,0.26,exploratory_unvalidated,-19.67914581298828,-9.127266883850098,-24.26223087310791,-10.906368255615234,-4.5866241455078125,-1.4802536964416504,7.704151630401611,0.8469018936157227,26,92.3076923076923
C0100,59,5900,0.59,exploratory_unvalidated,-17.498205184936523,-5.0395331382751465,-22.1339168548584,-9.20655918121338,-4.842851638793945,-4.1369805335998535,3.3495969772338867,0.8400783538818359,59,86.4406779661017
C0101,1094,109400,10.94,exploratory_unvalidated,-14.889256000518799,-7.480700731277466,-28.855398178100586,-17.739704132080078,-13.915486812591553,-10.205437183380127,0.5,0.0,1094,99.81718464351006
C0102,34,3400,0.34,exploratory_unvalidated,-18.621274948120117,-9.688895225524902,-22.540846824646,-12.074397563934326,-4.035101890563965,-2.2300496101379395,9.473240375518799,1.2064110040664673,34,85.29411764705883
C0103,42,4200,0.42,exploratory_unvalidated,-18.29905891418457,-11.376242637634277,-22.945824623107914,-12.632009506225586,-4.733916282653809,-0.8136911392211914,12.012516975402832,1.9302424192428589,42,73.80952380952381
C0104,36,3600,0.36,exploratory_unvalidated,-16.463570594787598,-8.454196453094482,-23.60421085357666,-16.175477027893066,-5.9348554611206055,-7.969645977020264,0.5,0.1897040605545044,36,100.0
C0105,33,3300,0.33,exploratory_unvalidated,-18.903100967407227,-11.88808536529541,-23.24154090881348,-12.656736373901367,-4.162996292114258,-0.4214982986450195,6.160561561584473,2.128523588180542,33,54.54545454545454
C0106,40,4000,0.4,exploratory_unvalidated,-16.006432056427002,-8.901721000671387,-23.328981399536133,-15.218903064727781,-7.0072245597839355,-5.770046710968018,0.5,0.5200675129890442,40,100.0
C0107,70,7000,0.7000000000000001,exploratory_unvalidated,-15.636102199554443,-10.528790473937988,-21.846059799194336,-13.617926597595217,-6.420907497406006,-3.1844401359558105,4.198573589324951,3.1852657794952393,70,100.0
C0108,29,2900,0.29,exploratory_unvalidated,-17.22358512878418,-8.330988883972168,-21.33290672302246,-8.759610176086426,-4.056230545043945,-0.5193290710449219,3.825994729995728,0.42044535279273987,29,62.06896551724138
C0109,126,12600,1.26,exploratory_unvalidated,-16.665764808654785,-8.18078088760376,-22.099443435668945,-12.389148235321045,-5.300054550170898,-3.7024674415588374,5.880228281021118,3.645474910736084,126,97.61904761904762
C0110,41,4100,0.41000000000000003,exploratory_unvalidated,-13.904650688171388,-8.820061683654785,-21.34473419189453,-12.617971420288086,-7.587180137634277,-3.786351203918457,3.8666396141052246,1.3297208547592163,41,100.0
C0111,47,4700,0.47000000000000003,exploratory_unvalidated,-13.886723518371582,-7.737330913543701,-21.927885055541992,-11.674427032470703,-8.19898509979248,-4.277652263641357,1.6815917491912842,0.34954121708869934,47,87.2340425531915
C0112,25,2500,0.25,exploratory_unvalidated,-19.095977783203125,-11.281182289123535,-23.356136322021484,-12.469712257385254,-4.239156723022461,-1.152566909790039,4.16830587387085,0.5450326800346375,25,80.0
C0113,36,3600,0.36,exploratory_unvalidated,-17.33217716217041,-12.10817003250122,-24.006319999694824,-15.28771448135376,-6.538965225219727,-2.980111598968506,0.5,0.0,36,72.22222222222221
C0114,43,4300,0.43,exploratory_unvalidated,-18.272676467895508,-9.824097633361816,-24.42887115478516,-13.570630073547363,-7.133954048156738,-3.25837516784668,0.5,0.6961302757263184,43,90.69767441860465
C0115,77,7700,0.77,exploratory_unvalidated,-18.33760452270508,-9.370208740234377,-23.76241683959961,-11.427212715148926,-4.901632308959961,-1.8137683868408203,4.650102615356445,1.6786197423934937,77,84.4155844155844
C0116,108,10800,1.08,exploratory_unvalidated,-16.908650398254395,-7.4930055141448975,-22.940547943115234,-12.616847038269043,-6.019451141357422,-4.749311208724976,7.155248641967773,0.9913807511329651,108,96.29629629629629
C0117,48,4800,0.48,exploratory_unvalidated,-18.33001136779785,-11.755454063415527,-22.409493446350098,-12.390441417694092,-3.9267148971557617,-0.932194709777832,7.376890182495117,0.4615829885005951,48,66.66666666666666
C0118,25,2500,0.25,exploratory_unvalidated,-18.301671981811523,-8.460127830505371,-23.160873413085938,-8.291563987731934,-5.346303939819336,-0.2485847473144531,7.69239330291748,5.2275543212890625,25,60.0
C0119,31,3100,0.31,exploratory_unvalidated,-17.18608856201172,-7.482258319854736,-21.69361114501953,-10.6216459274292,-4.449676513671875,-2.6989049911499023,6.868312835693359,1.1489804983139038,31,100.0
C0120,30,3000,0.3,exploratory_unvalidated,-16.64877223968506,-4.896497964859009,-21.57179832458496,-7.715664386749268,-4.877468109130859,-2.2309954166412354,9.901159286499023,0.6807578802108765,30,76.66666666666667
C0121,89,8900,0.89,exploratory_unvalidated,-17.208707809448242,-8.545162200927734,-22.6745662689209,-12.10585880279541,-5.4911041259765625,-3.0938024520874023,6.855088233947754,3.2611773014068604,89,89.8876404494382
C0122,47,4700,0.47000000000000003,exploratory_unvalidated,-17.186100006103516,-9.542527198791504,-23.19614601135254,-11.016350746154783,-6.027826309204102,-1.2545890808105469,13.701433181762695,1.9257004261016846,47,82.97872340425532
C0123,79,7900,0.79,exploratory_unvalidated,-16.31376075744629,-7.091740608215332,-22.47755241394043,-9.382938385009766,-6.195711135864258,-1.5693979263305664,13.768691062927246,1.2519365549087524,79,73.41772151898735
C0124,42,4200,0.42,exploratory_unvalidated,-17.266489028930664,-9.317938804626465,-22.596381187438965,-8.723122596740723,-5.144133567810059,0.5394458770751953,3.1318479776382446,0.48758360743522644,42,33.33333333333333
C0125,35,3500,0.35000000000000003,exploratory_unvalidated,-18.57266998291016,-9.812211036682127,-22.96628761291504,-12.66857624053955,-4.666328430175781,-2.4068832397460938,6.468291759490967,5.180415153503418,35,80.0
C0126,113,11300,1.1300000000000001,exploratory_unvalidated,-17.384729385375977,-9.265902519226074,-22.51723861694336,-13.095486640930176,-5.489707946777344,-4.202857494354248,7.522980690002441,2.5226356983184814,113,97.34513274336283
C0127,31,3100,0.31,exploratory_unvalidated,-15.62562370300293,-10.84360694885254,-21.377517700195312,-14.353283882141112,-5.733285903930664,-2.97430419921875,4.272510528564453,1.5675252676010132,31,100.0
C0128,30,3000,0.3,exploratory_unvalidated,-16.51481056213379,-10.911865234375,-21.524897575378418,-13.4817795753479,-5.042718887329102,-3.1105923652648926,4.192144393920898,1.482374906539917,30,100.0
C0129,131,13100,1.31,exploratory_unvalidated,-16.742374420166016,-10.986921310424805,-22.026390075683597,-14.019051551818848,-5.48101806640625,-2.9808425903320312,4.27070951461792,1.3808138370513916,131,96.94656488549617
C0130,43,4300,0.43,exploratory_unvalidated,-16.01595115661621,-9.64008903503418,-22.417593002319336,-12.378413200378418,-6.358362197875977,-2.8246021270751958,10.457337379455566,0.6156699061393738,43,95.34883720930233
C0131,29,2900,0.29,exploratory_unvalidated,-15.15953254699707,-8.015239715576172,-21.65752220153809,-10.816614151000977,-6.764805793762207,-2.3900318145751958,3.742798328399658,2.1344711780548096,29,96.55172413793103
C0132,27,2700,0.27,exploratory_unvalidated,-18.105239868164062,-12.754698753356934,-22.96695899963379,-12.27580738067627,-4.501213073730469,0.4427862167358398,6.113204002380371,1.371546745300293,27,33.33333333333333
C0133,89,8900,0.89,exploratory_unvalidated,-15.079487800598145,-9.398202896118164,-21.96384048461914,-10.567879676818848,-6.768882751464844,-1.1567859649658203,11.257519721984863,0.9985504150390625,89,76.40449438202246
C0134,35,3500,0.35000000000000003,exploratory_unvalidated,-18.04584503173828,-7.476004600524902,-22.56155586242676,-7.488212585449219,-4.745647430419922,-0.0438404083251953,0.6696941256523132,1.6676709651947021,35,51.42857142857142
C0135,31,3100,0.31,exploratory_unvalidated,-16.731203079223633,-9.65797996520996,-22.66191673278809,-10.5752534866333,-6.08609676361084,-0.6728219985961914,10.742042541503906,2.530831813812256,31,67.74193548387096
C0136,39,3900,0.39,exploratory_unvalidated,-17.263015747070312,-8.507052421569824,-22.113452911376957,-10.094655990600586,-4.526744842529297,-1.128026008605957,9.954927444458008,1.0661804676055908,39,66.66666666666666
C0137,38,3800,0.38,exploratory_unvalidated,-18.217618942260742,-12.37015962600708,-22.962010383605957,-13.16114330291748,-4.4093427658081055,-0.367739200592041,11.937146186828613,3.0700788497924805,38,68.42105263157895
C0138,40,4000,0.4,exploratory_unvalidated,-19.12043571472168,-8.074544906616211,-23.8489408493042,-10.219186782836914,-5.1427764892578125,-1.7521772384643555,2.18072772026062,0.46741414070129395,40,90.0
C0139,40,4000,0.4,exploratory_unvalidated,-18.076560020446777,-10.395528793334961,-22.66409206390381,-11.724218368530273,-4.424527168273926,-1.4966020584106445,12.038664817810059,1.3778252005577087,40,75.0
C0140,25,2500,0.25,exploratory_unvalidated,-18.589130401611328,-9.641051292419434,-23.38431739807129,-12.632131576538086,-4.715200424194336,-2.563584327697754,1.8300851583480835,4.627573490142822,25,88.0
C0141,26,2600,0.26,exploratory_unvalidated,-13.968628883361816,-1.456508457660675,-23.591678619384766,-7.815834999084473,-9.763763904571533,-4.449827671051025,0.6238368153572083,4.399009704589844,26,76.92307692307693
C0142,159,15900,1.59,exploratory_unvalidated,-16.93123435974121,-7.384040355682373,-23.15670394897461,-11.862678527832031,-5.986547470092773,-4.124998569488525,10.665162086486816,3.6416847705841064,159,98.74213836477988
C0143,99,9900,0.99,exploratory_unvalidated,-17.02719497680664,-9.26296615600586,-23.318443298339844,-13.957857131958008,-6.180843353271484,-4.400047302246094,4.601224899291992,4.394349575042725,99,98.98989898989899
C0144,187,18700,1.87,exploratory_unvalidated,-18.2924861907959,-11.776138305664062,-23.895545959472656,-15.214459419250488,-5.588476181030273,-3.4382448196411133,4.5499653816223145,0.5587402582168579,187,98.3957219251337
C0145,54,5400,0.54,exploratory_unvalidated,-18.830334663391113,-11.3846435546875,-22.719932556152344,-11.718947410583496,-4.056419372558594,-0.1406283378601074,10.732231616973875,1.0295524597167969,54,55.55555555555556
C0146,90,9000,0.9,exploratory_unvalidated,-17.807353973388672,-9.03212308883667,-23.588500022888184,-12.648573398590088,-5.399880409240723,-2.072786808013916,3.153798818588257,0.756668210029602,90,78.88888888888889
C0147,33,3300,0.33,exploratory_unvalidated,-17.15349769592285,-9.888530731201172,-23.350461959838867,-13.716559410095217,-6.435676574707031,-2.062045097351074,0.2623972594738006,0.7273200750350952,33,84.84848484848484
C0148,40,4000,0.4,exploratory_unvalidated,-17.625957489013672,-9.414701461791992,-22.58893394470215,-9.839121341705322,-5.305963516235352,-1.1437487602233887,1.0343642830848694,1.787102222442627,40,60.0
C0149,68,6800,0.68,exploratory_unvalidated,-17.355698585510254,-8.929000854492188,-22.25454044342041,-10.320495128631592,-4.89137077331543,-1.4881625175476074,11.702876567840576,2.5276031494140625,68,80.88235294117648
C0150,25,2500,0.25,exploratory_unvalidated,-18.327791213989254,-12.258830070495604,-22.120262145996094,-12.575461387634276,-3.9733619689941406,-0.506190299987793,3.950968027114868,0.5670029520988464,25,72.0
C0151,25,2500,0.25,exploratory_unvalidated,-17.107271194458008,-10.911608695983888,-23.818012237548828,-13.762828826904297,-6.735128402709961,-0.9626550674438475,0.8783274292945862,2.258324384689331,25,68.0
C0152,25,2500,0.25,exploratory_unvalidated,-14.663724899291992,-9.13283348083496,-22.554920196533203,-13.48857879638672,-7.876374244689941,-3.900426864624024,13.282843589782717,1.695051908493042,25,100.0
C0153,34,3400,0.34,exploratory_unvalidated,-17.449646949768066,-6.256636381149292,-21.979241371154785,-7.99658989906311,-4.510641098022461,-1.6627366542816162,14.551262855529785,1.9734296798706055,34,88.23529411764706
C0154,35,3500,0.35000000000000003,exploratory_unvalidated,-17.12774658203125,-9.778504371643066,-22.368202209472656,-10.592897415161133,-5.040468215942383,-0.319650650024414,15.993311882019045,0.561647355556488,35,54.285714285714285
C0155,213,21300,2.13,exploratory_unvalidated,-17.924165725708008,-6.810041427612305,-23.46062660217285,-8.481743812561035,-5.461585998535156,-1.576249122619629,9.354033470153809,2.505300521850586,213,86.85446009389672
C0156,35,3500,0.35000000000000003,exploratory_unvalidated,-17.660106658935547,-8.306947708129883,-21.93311882019043,-8.774374008178711,-4.365545272827148,-0.5412149429321289,7.264343738555908,3.4119131565093994,35,57.14285714285714
C0157,130,13000,1.3,exploratory_unvalidated,-17.599514961242676,-8.220757007598877,-23.182538986206055,-10.20459508895874,-5.287561416625977,-1.4494497776031494,7.640331983566284,3.96130108833313,130,88.46153846153845
C0158,61,6100,0.61,exploratory_unvalidated,-17.80340003967285,-6.793926239013672,-22.088415145874023,-6.709059715270996,-4.295385360717773,0.4026951789855957,11.428452491760254,2.595088243484497,61,39.34426229508197
C0159,36,3600,0.36,exploratory_unvalidated,-20.34088897705078,-11.478899002075195,-24.512442588806152,-11.385488986968994,-3.993269920349121,-0.3264961242675781,13.874335765838623,3.3319671154022217,36,55.55555555555556
C0160,36,3600,0.36,exploratory_unvalidated,-18.889650344848633,-14.347984313964844,-22.992817878723145,-13.709463596343994,-3.848356246948242,0.021085262298583957,6.213709831237793,2.213066339492798,36,50.0
C0161,144,14400,1.44,exploratory_unvalidated,-16.87821865081787,-7.894944667816162,-22.351470947265625,-9.389214515686035,-5.748718738555908,-1.8111720085144043,2.2927523851394653,0.31522929668426514,144,84.72222222222221
C0162,29,2900,0.29,exploratory_unvalidated,-17.933616638183594,-10.89125156402588,-21.665700912475582,-12.961520195007324,-3.908031463623047,-1.9523992538452148,5.339577674865723,4.388000965118408,29,93.10344827586206
C0163,31,3100,0.31,exploratory_unvalidated,-18.191734313964844,-7.126865386962891,-23.31376266479492,-13.125358581542969,-5.505537033081055,-5.472450256347656,1.1207785606384275,0.4743007719516754,31,100.0
C0164,28,2800,0.28,exploratory_unvalidated,-16.61041831970215,-10.279226779937744,-21.316030502319332,-11.15733814239502,-4.843880653381348,-0.9362192153930664,5.103916645050049,1.290404200553894,28,78.57142857142857
C0165,28,2800,0.28,exploratory_unvalidated,-19.33463478088379,-4.220244884490967,-23.10220718383789,-3.202253580093384,-3.6460227966308594,1.0423190593719482,1.012172818183899,1.3645905256271362,28,17.857142857142858
C0166,55,5500,0.55,exploratory_unvalidated,-16.08295249938965,-10.118624687194824,-25.8411865234375,-18.96846580505371,-9.51264190673828,-9.018661499023438,0.6559951305389404,0.7948248386383057,55,100.0
C0167,25,2500,0.25,exploratory_unvalidated,-19.802614212036133,-12.121952056884766,-24.15912437438965,-11.997711181640623,-4.243927001953125,-0.137247085571289,3.937167167663574,2.881953716278076,25,52.0
C0168,85,8500,0.85,exploratory_unvalidated,-17.281147003173828,-10.72164535522461,-24.23036003112793,-13.338837623596191,-7.081510543823242,-2.437689781188965,3.569034576416016,2.7609968185424805,85,77.64705882352942
C0169,35,3500,0.35000000000000003,exploratory_unvalidated,-15.795594215393066,-9.719833374023438,-21.35329818725586,-8.905463218688965,-5.746135711669922,0.6957902908325195,9.801386833190918,2.178917407989502,35,22.857142857142858
C0170,77,7700,0.77,exploratory_unvalidated,-19.27276992797852,-9.874784469604492,-23.504159927368164,-12.000927925109863,-4.154930114746094,-1.6918964385986328,2.086960792541504,0.42323482036590576,77,85.71428571428571
C0171,51,5100,0.51,exploratory_unvalidated,-18.698884963989254,-9.743834495544434,-23.5146484375,-12.155134201049805,-4.764875411987305,-2.084802627563477,2.5697717666625977,0.7368944883346558,51,92.15686274509804
C0172,25,2500,0.25,exploratory_unvalidated,-20.1776065826416,-11.93105411529541,-25.197525024414062,-12.277286529541016,-4.964113235473633,-0.3732671737670898,3.284160614013672,1.8123594522476196,25,68.0
C0173,48,4800,0.48,exploratory_unvalidated,-19.028217315673828,-11.384472846984863,-23.638258934020996,-12.165786266326904,-4.547924995422363,-1.11484956741333,10.069012641906738,4.426468372344971,48,60.416666666666664
C0174,50,5000,0.5,exploratory_unvalidated,-16.622166633605957,-10.13816785812378,-21.702040672302246,-10.88069772720337,-5.191444396972656,-0.7274885177612305,9.020650863647461,3.4084994792938232,50,66.0
C0175,38,3800,0.38,exploratory_unvalidated,-18.437406539916992,-10.031503200531006,-23.625741958618164,-11.400028705596924,-5.633066177368164,-1.561936855316162,14.48254919052124,2.2749247550964355,38,92.10526315789474
C0176,31,3100,0.31,exploratory_unvalidated,-17.59836196899414,-10.166024208068848,-22.01544570922852,-11.159290313720703,-4.496942520141602,-1.544438362121582,12.575037956237791,0.9859614968299866,31,70.96774193548387
C0177,45,4500,0.45,exploratory_unvalidated,-15.986373901367188,-9.622506141662598,-21.53843879699707,-10.943265914916992,-5.659355163574219,-0.3535394668579101,10.27033519744873,1.5763546228408813,45,62.22222222222222
C0178,36,3600,0.36,exploratory_unvalidated,-15.720146179199219,-9.507686614990234,-21.58663272857666,-8.916937828063965,-6.025545597076416,0.6277306079864502,11.20679235458374,1.1033000946044922,36,27.77777777777778
C0179,28,2800,0.28,exploratory_unvalidated,-18.782939910888672,-9.221574783325195,-23.21687602996826,-12.703487873077393,-4.340057373046875,-2.8194808959960938,8.326251029968262,0.7251027822494507,28,85.71428571428571
C0180,79,7900,0.79,exploratory_unvalidated,-16.51594352722168,-7.889511585235596,-22.99275016784668,-8.911761283874512,-6.314848899841309,-1.025714874267578,11.085144996643066,1.7074321508407593,79,79.74683544303798
C0181,74,7400,0.74,exploratory_unvalidated,-17.44897174835205,-10.215150833129883,-22.88639736175537,-12.799378871917725,-5.060264587402344,-2.6422119140625,2.9499478340148926,1.4537081718444824,74,100.0
C0182,28,2800,0.28,exploratory_unvalidated,-19.414348602294922,-12.961564540863037,-23.696656227111816,-13.602879524230957,-4.1419477462768555,-0.9545793533325194,8.713613986968994,6.408909797668457,28,82.14285714285714
C0183,45,4500,0.45,exploratory_unvalidated,-19.56946563720703,-11.221041679382324,-23.994775772094727,-14.81987476348877,-4.523571014404297,-3.5980300903320312,4.114651679992676,2.2794225215911865,45,100.0
C0184,26,2600,0.26,exploratory_unvalidated,-17.306458473205566,-8.901532649993896,-21.77751445770264,-9.96056604385376,-4.5550689697265625,-0.9965910911560059,5.376669645309448,3.9160492420196533,26,69.23076923076923
C0185,25,2500,0.25,exploratory_unvalidated,-18.65373992919922,-10.305161476135254,-23.19745445251465,-12.330060005187988,-4.148326873779297,-1.89752197265625,7.678686141967773,1.9856234788894653,25,96.0
C0186,31,3100,0.31,exploratory_unvalidated,-16.707088470458984,-8.68708324432373,-21.654281616210938,-10.590006828308104,-4.828428268432617,-1.6619586944580078,3.494548797607422,1.6636983156204224,31,90.32258064516128
C0187,29,2900,0.29,exploratory_unvalidated,-17.142196655273438,-8.594768524169922,-21.751392364501957,-10.13303279876709,-5.000242233276367,-1.2546367645263672,3.534841775894165,0.5852917432785034,29,82.75862068965517
C0188,35,3500,0.35000000000000003,exploratory_unvalidated,-19.023496627807617,-15.55599880218506,-23.830629348754883,-15.22693920135498,-5.109491348266602,0.7008180618286133,1.4735398292541504,0.4765511155128479,35,37.142857142857146
C0189,26,2600,0.26,exploratory_unvalidated,-18.519163131713867,-12.292152881622314,-22.271796226501465,-13.952081203460693,-3.8077268600463867,-1.2129907608032227,4.555708408355713,1.1559314727783203,26,84.61538461538461
C0190,28,2800,0.28,exploratory_unvalidated,-17.26815700531006,-10.565935611724854,-22.50775146484375,-13.684328079223633,-5.153578281402588,-2.9208984375,14.9172101020813,1.4959152340888977,28,78.57142857142857
C0191,30,3000,0.3,exploratory_unvalidated,-17.98286247253418,-12.406679153442383,-22.620278358459473,-12.992994785308838,-5.132404327392578,-0.8443732261657715,7.0243003368377686,4.87497615814209,30,63.33333333333333
C0192,69,6900,0.6900000000000001,exploratory_unvalidated,-16.704999923706055,-10.12658405303955,-21.978172302246094,-11.716591835021973,-5.500125885009766,-1.6754121780395508,14.898234367370604,3.5526723861694336,69,79.71014492753623
C0193,45,4500,0.45,exploratory_unvalidated,-15.49415111541748,-8.570597648620605,-22.04679107666016,-13.94011116027832,-6.584813117980957,-5.6585798263549805,13.905224800109863,1.8111580610275269,45,100.0
C0194,42,4200,0.42,exploratory_unvalidated,-15.806593418121338,-11.573001861572266,-22.136049270629883,-16.23093032836914,-6.468418598175049,-5.161759853363037,12.507679462432861,1.8873642086982727,42,100.0
C0195,35,3500,0.35000000000000003,exploratory_unvalidated,-17.635610580444336,-3.982732772827149,-23.36772918701172,-7.517000675201416,-5.479698181152344,-4.425741195678711,12.719764709472656,4.86753511428833,35,91.42857142857143
C0196,70,7000,0.7000000000000001,exploratory_unvalidated,-18.80950164794922,-9.511774063110352,-22.539426803588867,-15.055339336395264,-3.739625930786133,-4.89750862121582,3.720880150794983,0.43771249055862427,70,100.0
C0197,29,2900,0.29,exploratory_unvalidated,-17.864423751831055,-12.72264289855957,-23.32819366455078,-14.404729843139648,-5.163686752319336,-1.8876714706420896,14.86758041381836,1.0376707315444946,29,96.55172413793103
C0198,55,5500,0.55,exploratory_unvalidated,-17.252487182617188,-9.809358596801758,-22.109758377075195,-11.41452407836914,-4.76800537109375,-1.306344985961914,4.21539831161499,0.5932387709617615,55,85.45454545454545
C0199,37,3700,0.37,exploratory_unvalidated,-15.215421676635742,-10.638104438781738,-24.403024673461918,-18.692420959472656,-8.7717866897583,-7.727822303771973,0.6930797100067139,4.020880222320557,37,100.0
C0200,63,6300,0.63,exploratory_unvalidated,-16.8050479888916,-7.313911437988281,-23.17289161682129,-9.941324234008787,-6.169183731079102,-1.917518615722656,7.469477653503418,6.563202381134033,63,95.23809523809523
C0201,45,4500,0.45,exploratory_unvalidated,-17.297222137451172,-9.459172248840332,-23.492094039916992,-10.178257942199709,-5.584604263305664,-0.932964324951172,2.094679594039917,5.946475505828857,45,82.22222222222221
C0202,33,3300,0.33,exploratory_unvalidated,-18.62355232238769,-9.423677444458008,-22.462181091308597,-12.130267143249512,-3.621061325073242,-2.3623409271240234,2.1662044525146484,4.131069660186768,33,93.93939393939394
C0203,52,5200,0.52,exploratory_unvalidated,-19.511240005493164,-10.665431022644043,-24.83932399749756,-10.998871803283691,-6.220442771911621,-0.5527677536010742,4.859776496887207,1.4649989604949951,52,65.38461538461539
C0204,29,2900,0.29,exploratory_unvalidated,-17.44290542602539,-12.082195281982422,-22.85298538208008,-14.769479751586914,-5.137382507324219,-1.9027576446533203,1.730742335319519,0.20363809168338776,29,96.55172413793103
C0205,69,6900,0.6900000000000001,exploratory_unvalidated,-18.205076217651367,-9.981746673583984,-22.689342498779297,-14.370677947998049,-4.480268478393555,-4.014330863952637,4.254975318908691,0.3188789486885071,69,97.10144927536231
C0206,45,4500,0.45,exploratory_unvalidated,-15.476582527160645,-8.463354110717773,-22.48933982849121,-12.644781112670898,-7.009586334228516,-3.752411365509033,10.057629585266112,3.6335980892181396,45,95.55555555555556
C0207,25,2500,0.25,exploratory_unvalidated,-18.087316513061523,-13.77164363861084,-24.2678337097168,-14.626702308654783,-5.62291145324707,-0.6804628372192383,1.7232190370559692,0.4452018141746521,25,68.0
C0208,50,5000,0.5,exploratory_unvalidated,-18.373019218444824,-14.340978622436523,-23.89717674255371,-15.602977275848389,-5.232268333435059,-1.0601248741149902,1.8290875554084778,0.36127811670303345,50,80.0
C0209,26,2600,0.26,exploratory_unvalidated,-17.240450859069824,-9.006940364837646,-21.700803756713867,-12.627377986907959,-4.450771331787109,-3.584683895111084,4.025049448013306,0.8121415078639984,26,100.0
C0210,29,2900,0.29,exploratory_unvalidated,-19.421958923339844,-12.440690994262695,-23.77078056335449,-13.837258338928224,-4.1140899658203125,-0.8355684280395508,2.018561601638794,2.9299111366271973,29,65.51724137931035
C0211,36,3600,0.36,exploratory_unvalidated,-18.904030799865723,-9.980960845947266,-23.67862033843994,-12.280352592468262,-5.11863899230957,-2.391922950744629,3.3740628957748413,0.9808815121650696,36,75.0
C0212,27,2700,0.27,exploratory_unvalidated,-16.09272575378418,-9.895529747009276,-21.59437370300293,-12.693799018859863,-5.374627113342285,-2.767662048339844,1.6111119985580444,0.5995638370513916,27,96.29629629629629
C0213,100,10000,1.0,exploratory_unvalidated,-18.811530113220215,-8.87961196899414,-23.739046096801758,-13.165070533752441,-4.825952529907227,-4.039324760437012,4.3479578495025635,1.220277190208435,100,98.0
C0214,46,4600,0.46,exploratory_unvalidated,-17.957823753356934,-13.401026248931885,-22.41152572631836,-13.218762397766113,-4.431332588195801,-0.1651711463928222,1.920234501361847,0.2930099368095398,46,54.347826086956516
C0215,38,3800,0.38,exploratory_unvalidated,-18.238974571228027,-14.258060932159424,-22.175864219665527,-15.006551742553711,-3.7910785675048824,-0.9965000152587891,1.8397554159164429,0.2021540254354477,38,63.1578947368421
C0216,45,4500,0.45,exploratory_unvalidated,-19.174053192138672,-8.665060043334961,-23.510719299316406,-10.270883560180664,-4.665706634521484,-2.5482449531555176,1.829017162322998,0.36757826805114746,45,91.11111111111111
C0217,31,3100,0.31,exploratory_unvalidated,-17.46076202392578,-9.593390464782717,-21.94268798828125,-8.875554084777832,-4.440521240234375,0.983302116394043,2.4413678646087646,1.0047612190246582,31,38.70967741935484
C0218,37,3700,0.37,exploratory_unvalidated,-17.668621063232422,-9.357192039489746,-23.384618759155277,-9.242751121520996,-5.545976638793945,-0.2296247482299804,6.430280208587647,7.25911808013916,37,56.75675675675676
C0219,31,3100,0.31,exploratory_unvalidated,-17.868146896362305,-11.263213157653809,-22.227632522583008,-12.289813041687012,-4.387565612792969,-1.2406997680664062,2.028794288635254,0.48934030532836914,31,83.87096774193549
C0220,30,3000,0.3,exploratory_unvalidated,-17.013771057128906,-10.375182151794434,-22.473665237426758,-14.030272006988525,-5.531881332397461,-3.893684387207031,2.6215935945510864,2.1291587352752686,30,96.66666666666667
C0221,39,3900,0.39,exploratory_unvalidated,-17.89825439453125,-12.462410926818848,-22.204286575317383,-12.521805763244627,-4.6967315673828125,-0.0505599975585937,1.952257871627808,0.5714258551597595,39,51.28205128205128
C0222,49,4900,0.49,exploratory_unvalidated,-16.341571807861328,-8.140694618225098,-22.0498161315918,-12.558850288391112,-5.748189926147461,-5.045252323150635,2.7873423099517822,1.3591563701629639,49,100.0
C0223,79,7900,0.79,exploratory_unvalidated,-16.033315658569336,-9.621606826782228,-22.92484664916992,-14.169645309448242,-7.39764404296875,-4.111031532287598,3.773869037628174,2.057978630065918,79,97.46835443037975
C0224,32,3200,0.32,exploratory_unvalidated,-18.924494743347168,-8.93516731262207,-23.950904846191406,-13.801807403564453,-4.469219207763672,-4.386749267578125,4.750708103179932,1.0954185724258423,32,100.0
C0225,55,5500,0.55,exploratory_unvalidated,-16.81146812438965,-7.699686527252197,-22.14503669738769,-9.176081657409668,-5.205085754394531,-2.0111775398254395,3.47568941116333,2.2361152172088623,55,92.72727272727272
C0226,26,2600,0.26,exploratory_unvalidated,-19.56006908416748,-13.46076774597168,-23.781265258789062,-17.238411903381348,-4.315434455871582,-3.720099925994873,13.432472229003906,3.075817346572876,26,100.0
C0227,32,3200,0.32,exploratory_unvalidated,-19.260116577148438,-11.45021915435791,-24.640127182006836,-13.042649745941162,-5.2429046630859375,-1.414684772491455,1.7722902297973633,0.707988977432251,32,78.125
C0228,46,4600,0.46,exploratory_unvalidated,-15.50875473022461,-9.947401523590088,-22.04299259185791,-13.515454769134521,-6.536634922027588,-2.991335868835449,4.624035835266113,1.4361313581466675,46,100.0
C0229,34,3400,0.34,exploratory_unvalidated,-18.413372039794922,-14.263390064239502,-22.752177238464355,-14.481027126312256,-4.481142997741699,0.07001924514770505,1.9244948029518125,0.14911386370658875,34,41.17647058823529
C0230,220,22000,2.2,exploratory_unvalidated,-18.78299045562744,-9.568440437316895,-24.055006980895996,-15.544151782989502,-5.104339599609375,-5.957496166229248,3.340711832046509,0.39348646998405457,220,100.0
C0231,25,2500,0.25,exploratory_unvalidated,-19.735280990600582,-12.10151195526123,-26.89283561706543,-11.225732803344728,-6.818037033081055,-0.1788549423217773,1.6452512741088867,0.1284463256597519,25,52.0
C0232,33,3300,0.33,exploratory_unvalidated,-18.761768341064453,-13.343263626098633,-23.596715927124023,-12.735243797302246,-4.771896362304688,0.1438827514648437,1.9325758218765257,1.0528130531311035,33,42.42424242424242
C0233,611,61100,6.11,exploratory_unvalidated,-17.22779083251953,-8.0614652633667,-25.40424346923828,-16.9471492767334,-8.005264282226562,-8.727095603942871,4.278114318847656,2.1908581256866455,611,98.8543371522095
C0234,91,9100,0.91,exploratory_unvalidated,-9.216594696044922,5.935593605041504,-23.094263076782227,-10.905706405639648,-14.566765785217283,-16.29987335205078,2.5491793155670166,4.900412559509277,91,100.0
C0235,42,4200,0.42,exploratory_unvalidated,-17.14558696746826,-9.463994026184082,-22.49936866760254,-11.548724174499512,-4.589171409606934,-1.8346548080444336,6.460899829864502,0.5266145467758179,42,92.85714285714286
C0236,57,5700,0.5700000000000001,exploratory_unvalidated,-19.81285858154297,-10.83962631225586,-24.171192169189453,-13.45188331604004,-4.56953239440918,-2.67356014251709,6.438422679901123,0.8040632605552673,57,91.22807017543859
C0237,27,2700,0.27,exploratory_unvalidated,-16.704076766967773,-7.0357513427734375,-23.209142684936523,-9.322395324707031,-5.710805892944336,-1.6325016021728516,6.781712055206299,2.630662202835083,27,85.18518518518519
C0238,44,4400,0.44,exploratory_unvalidated,-18.758617401123047,-9.472429752349854,-24.12669849395752,-12.067360877990723,-4.9117231369018555,-2.5466508865356445,13.110501766204834,3.8438994884490967,44,88.63636363636364
C0239,35,3500,0.35000000000000003,exploratory_unvalidated,-16.69743537902832,-9.84402561187744,-23.07037353515625,-15.702436447143556,-6.386386871337891,-5.991053581237793,10.426239013671877,3.052783727645874,35,100.0
C0240,38,3800,0.38,exploratory_unvalidated,-10.17672061920166,2.132958173751831,-23.548784255981445,-12.730968952178955,-13.42798137664795,-14.479701042175293,0.5291075855493546,2.1888060569763184,38,100.0
C0241,34,3400,0.34,exploratory_unvalidated,-15.68757677078247,11.171642780303955,-21.550928115844727,6.303440570831299,-5.78911828994751,-4.725038766860962,4.241940975189209,0.17663170397281647,34,91.17647058823529
C0242,40,4000,0.4,exploratory_unvalidated,-15.057398319244385,-7.8193039894104,-22.074458122253418,-15.695547580718994,-7.291841506958008,-7.682243824005127,12.547059535980225,3.0556119680404663,40,100.0
C0243,30,3000,0.3,exploratory_unvalidated,-19.803872108459473,-10.877607822418213,-23.99090957641602,-16.68184471130371,-4.210964202880859,-6.2766876220703125,4.27388858795166,1.096866250038147,30,100.0
C0244,30,3000,0.3,exploratory_unvalidated,-14.607692241668701,-8.231012344360352,-21.739498138427734,-12.33505916595459,-7.185204029083252,-3.9220972061157227,5.1617186069488525,0.5787252187728882,30,100.0
C0245,59,5900,0.59,exploratory_unvalidated,-15.039722442626951,-10.229092597961426,-21.67534828186035,-13.884421348571776,-6.5942792892456055,-3.4573450088500977,3.595846176147461,0.566011905670166,59,100.0
C0246,30,3000,0.3,exploratory_unvalidated,-19.654871940612793,-12.601555824279785,-23.396345138549805,-14.77748155593872,-3.812795639038086,-1.345418930053711,3.6557223796844482,0.40101416409015656,30,93.33333333333333
C0247,36,3600,0.36,exploratory_unvalidated,-18.239582061767578,-11.250094890594482,-22.676376342773438,-13.351151943206787,-4.468280792236328,-1.8157148361206055,3.9221688508987427,1.1407631635665894,36,86.11111111111111
C0248,25,2500,0.25,exploratory_unvalidated,-18.333091735839844,-11.03945541381836,-21.944887161254883,-12.325655937194824,-3.478557586669922,-0.8989334106445312,9.226890563964844,1.2421875,25,84.0
C0249,129,12900,1.29,exploratory_unvalidated,-15.717737197875977,-8.427680969238281,-22.67584800720215,-10.840620040893556,-7.303682327270508,-1.8381328582763672,4.635550498962402,1.5445032119750977,129,69.76744186046511
C0250,31,3100,0.31,exploratory_unvalidated,-18.65928077697754,-12.850671768188477,-25.928918838500977,-11.56811237335205,-8.238567352294922,0.1130142211914062,5.380500316619873,4.25620174407959,31,48.38709677419355
C0251,42,4200,0.42,exploratory_unvalidated,-15.97544002532959,-10.20452880859375,-25.43372917175293,-17.295233726501465,-9.588967323303223,-6.674184799194336,0.7942849397659302,6.499385356903076,42,100.0
C0252,35,3500,0.35000000000000003,exploratory_unvalidated,-14.483474731445312,-8.06810188293457,-22.65785217285156,-12.616849899291992,-8.183734893798828,-4.553313255310059,7.841935634613037,1.3592474460601807,35,100.0
C0253,25,2500,0.25,exploratory_unvalidated,-18.599946975708008,-10.564072608947754,-22.44329261779785,-13.82595920562744,-3.894615173339844,-2.476101875305176,3.076512098312378,0.26709702610969543,25,88.0
C0254,33,3300,0.33,exploratory_unvalidated,-15.666130065917969,-9.04832935333252,-21.892580032348636,-9.873915672302246,-6.164230346679688,-0.7955970764160156,4.322798252105713,0.5421371459960938,33,72.72727272727273
C0255,33,3300,0.33,exploratory_unvalidated,-16.676912307739258,-9.13726806640625,-22.38402557373047,-10.782241821289062,-5.880456924438477,-1.7051286697387695,3.0221972465515137,2.6269681453704834,33,90.9090909090909
C0256,57,5700,0.5700000000000001,exploratory_unvalidated,-18.13138198852539,-10.050642013549805,-24.01610374450684,-10.045823097229004,-5.54425048828125,-0.417337417602539,4.150773048400879,0.20215824246406555,57,56.14035087719298
C0257,39,3900,0.39,exploratory_unvalidated,-17.517221450805664,-9.872565269470217,-22.623756408691406,-13.771384239196776,-4.980783462524414,-4.40168571472168,3.990351915359497,0.9179719686508179,39,100.0
C0258,27,2700,0.27,exploratory_unvalidated,-14.824294090270996,-7.1895623207092285,-21.731658935546875,-10.27108097076416,-6.445603370666504,-1.891679763793945,6.091901779174805,0.6808686852455139,27,92.5925925925926
C0259,30,3000,0.3,exploratory_unvalidated,-15.155894756317139,-9.122047424316406,-22.37748622894287,-8.424362182617188,-6.830916404724121,1.1252243518829346,5.7298948764801025,0.443473756313324,30,26.666666666666668
C0260,25,2500,0.25,exploratory_unvalidated,-18.2368278503418,-13.054781913757324,-21.645055770874023,-11.404598236083984,-3.6462554931640634,1.5225448608398438,6.521522998809815,1.8009010553359985,25,16.0
C0261,25,2500,0.25,exploratory_unvalidated,-16.044506072998047,-8.692118644714355,-21.87044715881348,-10.15226936340332,-5.58203125,-1.0645675659179688,7.057827949523926,2.5506272315979004,25,92.0
C0262,66,6600,0.66,exploratory_unvalidated,-17.49743366241455,-9.898503303527832,-22.23215675354004,-11.98137378692627,-4.889472961425781,-0.709691047668457,5.581369638442993,1.7302851676940918,66,65.15151515151516
C0263,29,2900,0.29,exploratory_unvalidated,-16.395051956176758,-7.708685874938965,-21.725595474243164,-7.914984226226807,-5.5087175369262695,-0.1546025276184082,6.902499675750732,1.5075249671936035,29,55.172413793103445
C0264,79,7900,0.79,exploratory_unvalidated,-17.2872257232666,-9.132061004638672,-22.568527221679688,-10.132452964782717,-5.383777618408203,-1.44549560546875,4.168396949768066,0.5870749354362488,79,83.54430379746836
C0265,41,4100,0.41000000000000003,exploratory_unvalidated,-18.466651916503903,-10.206222534179688,-23.07274436950684,-12.866965293884276,-4.466598510742188,-2.500218391418457,4.726162910461426,1.0913995504379272,41,100.0
C0266,25,2500,0.25,exploratory_unvalidated,-18.03422737121582,-9.196125030517578,-22.433502197265625,-11.062872886657717,-4.170366287231445,-2.360082626342773,4.112904071807861,0.4458976686000824,25,100.0
C0267,31,3100,0.31,exploratory_unvalidated,-18.94145393371582,-8.485966682434082,-22.989540100097656,-10.30347728729248,-3.940862655639648,-1.5696897506713867,4.145484447479248,0.8842107653617859,31,87.09677419354838
C0268,65,6500,0.65,exploratory_unvalidated,-16.871828079223633,-9.278494834899902,-22.5062198638916,-9.16772174835205,-5.417686462402344,0.50091552734375,4.259384632110596,0.6375364065170288,65,32.30769230769231
C0269,230,23000,2.3000000000000003,exploratory_unvalidated,-17.01508140563965,-10.509300231933594,-23.00697898864746,-11.922533988952637,-5.966179847717285,-1.1162700653076172,4.028264999389648,0.6173985600471497,230,67.82608695652173
C0270,26,2600,0.26,exploratory_unvalidated,-14.443071842193604,-10.635149002075195,-22.628223419189453,-11.20570707321167,-7.598108291625977,-0.6060733795166016,4.026840925216675,1.634258508682251,26,65.38461538461539
C0271,112,11200,1.12,exploratory_unvalidated,-17.592483520507812,-11.166320323944092,-22.270198822021484,-12.83440113067627,-4.624266624450684,-1.6911373138427734,3.8152923583984375,0.43648380041122437,112,73.21428571428571
C0272,30,3000,0.3,exploratory_unvalidated,-19.373149871826172,-13.843693733215332,-22.88145351409912,-13.187800407409668,-3.8665504455566406,0.6654200553894043,2.033137321472168,1.4762599468231201,30,20.0
C0273,155,15500,1.55,exploratory_unvalidated,-18.54608917236328,-7.345001220703125,-23.46641731262207,-7.708820343017578,-4.086660385131836,-0.216193675994873,4.039157867431641,0.1815035343170166,155,54.19354838709678
C0274,68,6800,0.68,exploratory_unvalidated,-17.846378326416016,-9.745099067687988,-22.87339496612549,-11.37905502319336,-5.059212684631348,-1.5473361015319824,3.6799527406692505,0.5374079346656799,68,80.88235294117648
C0275,38,3800,0.38,exploratory_unvalidated,-17.319735527038574,-5.7251057624816895,-21.783397674560547,-7.881505489349365,-4.54144287109375,-1.9319162368774414,3.9473568201065063,0.5104686766862869,38,76.31578947368422
C0276,38,3800,0.38,exploratory_unvalidated,-17.98455047607422,-8.790472507476807,-22.148432731628418,-8.752539157867432,-4.242776870727539,0.005427837371826151,4.330464601516724,0.21522757411003113,38,50.0
C0277,73,7300,0.73,exploratory_unvalidated,-17.860055923461914,-10.943623542785645,-22.69225311279297,-13.287996292114258,-4.723794937133789,-2.2807130813598637,3.908877372741699,0.8334672451019287,73,87.67123287671232
C0278,41,4100,0.41000000000000003,exploratory_unvalidated,-16.38555335998535,-7.649803161621094,-23.20886993408203,-9.577484130859377,-6.651285171508789,-1.9132709503173828,4.2929463386535645,0.37378910183906555,41,78.04878048780488
C0279,68,6800,0.68,exploratory_unvalidated,-16.561484336853027,-9.304373264312744,-22.20396327972412,-9.81112289428711,-5.398656845092773,-0.48070859909057617,4.089909791946411,0.8198203444480896,68,54.41176470588235
C0280,50,5000,0.5,exploratory_unvalidated,-17.282367706298828,-10.087543964385986,-21.95927143096924,-10.449559211730955,-4.801752090454102,-1.2724246978759766,4.81590461730957,0.6386446952819824,50,80.0
C0281,30,3000,0.3,exploratory_unvalidated,-17.346318244934082,-8.73145866394043,-23.164658546447754,-8.634549140930176,-6.032183647155762,-0.01296758651733395,4.264874696731567,0.33819480240345,30,50.0
C0282,25,2500,0.25,exploratory_unvalidated,-16.32029151916504,-8.82861042022705,-22.137113571166992,-10.13504123687744,-5.863131523132324,-0.7793502807617188,5.589466094970703,1.6208832263946533,25,64.0
C0283,110,11000,1.1,exploratory_unvalidated,-18.680222511291504,-7.539591073989868,-23.151692390441895,-8.131825923919678,-4.598406791687012,-0.5434701442718506,4.110576391220093,0.3921666443347931,110,62.727272727272734
C0284,211,21100,2.11,exploratory_unvalidated,-18.24877166748047,-8.547510147094727,-23.62045669555664,-9.116803169250488,-5.350799560546875,-0.5154366493225098,4.230152606964111,0.24053137004375458,211,64.92890995260665
C0285,79,7900,0.79,exploratory_unvalidated,-17.842004776000977,-8.67674446105957,-22.541229248046875,-10.070459365844728,-4.67243766784668,-1.4379596710205078,4.207383632659912,0.4825793504714966,79,74.68354430379746
C0286,45,4500,0.45,exploratory_unvalidated,-17.41877555847168,-10.565508842468262,-22.37751007080078,-9.536469459533691,-4.833581924438477,0.9718637466430664,4.505374431610107,0.5308953523635864,45,33.33333333333333
C0287,64,6400,0.64,exploratory_unvalidated,-17.896599769592285,-9.915881633758545,-22.497265815734863,-8.456106662750244,-4.452109336853027,0.9741935729980469,4.49172043800354,0.20965051651000977,64,20.3125
C0288,27,2700,0.27,exploratory_unvalidated,-18.037986755371094,-12.00694179534912,-23.3005485534668,-12.718605041503906,-5.2767333984375,-0.9420938491821288,2.998408317565918,3.1143712997436523,27,70.37037037037037
C0289,42,4200,0.42,exploratory_unvalidated,-17.712644577026367,-8.874989032745361,-22.51353931427002,-9.106622695922852,-5.353082656860352,-0.4315118789672851,4.554480075836182,0.18340745568275452,42,64.28571428571429
C0290,25,2500,0.25,exploratory_unvalidated,-17.55548667907715,-7.991602897644043,-21.420679092407227,-8.872258186340332,-3.784582138061523,-0.4060983657836914,4.293556213378906,0.8093532919883728,25,64.0
C0291,69,6900,0.6900000000000001,exploratory_unvalidated,-18.2753963470459,-10.16021728515625,-22.70157814025879,-10.948847770690918,-4.288856506347656,-0.8196420669555664,4.183065891265869,0.32524892687797546,69,75.36231884057972
C0292,34,3400,0.34,exploratory_unvalidated,-17.65923500061035,-10.359814167022705,-22.072616577148438,-10.724425792694092,-4.21546745300293,-0.33764696121215815,4.412410020828247,0.1996145099401474,34,67.64705882352942
C0293,165,16500,1.6500000000000001,exploratory_unvalidated,-17.575002670288086,-7.880017280578613,-23.72469139099121,-9.27280044555664,-6.177556991577148,-1.8916778564453125,4.115365028381348,0.6083100438117981,165,94.54545454545455
C0294,32,3200,0.32,exploratory_unvalidated,-18.749183654785156,-9.995819568634033,-23.098206520080566,-10.043844223022461,-4.459227561950684,-0.1441988945007324,3.967386245727539,1.1667946577072144,32,59.375
C0295,72,7200,0.72,exploratory_unvalidated,-18.86279296875,-8.650707244873047,-24.091580390930176,-9.292447090148926,-5.242897033691406,-0.1843161582946777,3.9518871307373047,0.3286278247833252,72,54.166666666666664
C0296,381,38100,3.81,exploratory_unvalidated,-17.16925621032715,-9.421886444091797,-23.09113121032715,-10.472997665405272,-6.045079231262207,-1.255319595336914,3.976285219192505,0.3261987864971161,381,72.44094488188976
C0297,86,8600,0.86,exploratory_unvalidated,-17.480507850646973,-8.766524314880371,-22.419793128967285,-9.088202476501465,-4.666269302368164,0.009599208831787099,4.438420534133911,0.16365167498588562,86,50.0
C0298,32,3200,0.32,exploratory_unvalidated,-17.90230655670166,-9.149163246154785,-22.300472259521484,-8.712081909179688,-4.184744834899902,-0.16232633590698242,3.885443329811096,0.26941031962633133,32,53.125
C0299,37,3700,0.37,exploratory_unvalidated,-18.60604858398437,-8.290993690490723,-23.442611694335938,-8.014631271362305,-4.876609802246094,0.0190358161926269,4.274513244628906,0.6308063864707947,37,48.64864864864865
C0300,48,4800,0.48,exploratory_unvalidated,-17.18519878387451,-8.062941074371338,-21.79232597351074,-7.604291200637817,-4.710291862487793,0.5704536437988281,4.355274200439453,0.6603398025035858,48,20.833333333333336
C0301,116,11600,1.16,exploratory_unvalidated,-17.815150260925293,-8.287466526031494,-22.839603424072266,-9.857975482940674,-5.010531425476074,-1.0739843845367432,4.266767501831055,0.30239537358283997,116,79.3103448275862
C0302,72,7200,0.72,exploratory_unvalidated,-18.841364860534668,-9.068893432617188,-23.294785499572754,-8.940696239471436,-4.402939796447754,-0.6099905967712402,4.229013442993164,0.407927006483078,72,58.333333333333336
C0303,47,4700,0.47000000000000003,exploratory_unvalidated,-18.51337242126465,-9.15617847442627,-22.837303161621094,-10.385159492492676,-4.293914794921875,-1.023207187652588,4.371823310852051,0.1893777996301651,47,78.72340425531915
C0304,123,12300,1.23,exploratory_unvalidated,-18.006229400634766,-9.966835021972656,-22.46749687194824,-10.528205871582031,-4.511613845825195,-0.6627912521362305,4.280326843261719,0.2043766975402832,123,65.85365853658537
C0305,46,4600,0.46,exploratory_unvalidated,-18.686209678649902,-10.571946144104004,-23.6274471282959,-13.966767311096191,-5.284859657287598,-3.8183774948120113,4.520766019821167,0.4907888174057007,46,89.13043478260869
C0306,162,16200,1.62,exploratory_unvalidated,-17.990053176879883,-9.572789669036863,-23.179935455322266,-12.152689456939697,-5.277390480041504,-2.5359416007995605,4.674373149871826,0.40700995922088623,162,89.50617283950618
C0307,147,14700,1.47,exploratory_unvalidated,-18.429105758666992,-9.970291137695312,-23.64669418334961,-11.492372512817385,-4.983852386474609,-1.592082977294922,4.117829322814941,0.40367409586906433,147,78.2312925170068
C0308,42,4200,0.42,exploratory_unvalidated,-17.975401878356934,-10.490682125091553,-22.52652072906494,-9.984809875488281,-4.662545204162598,0.3768787384033203,4.380279541015625,0.48107993602752686,42,40.476190476190474
C0309,36,3600,0.36,exploratory_unvalidated,-18.701674461364746,-8.334175109863281,-23.174601554870605,-9.705267906188965,-3.910903930664062,-1.2262036800384521,3.9825373888015747,0.31121525168418884,36,91.66666666666666
C0310,105,10500,1.05,exploratory_unvalidated,-17.313861846923828,-8.673089027404785,-23.054967880249023,-10.176119804382324,-5.28087043762207,-1.6526823043823242,4.144505500793457,0.968632698059082,105,85.71428571428571
C0311,28,2800,0.28,exploratory_unvalidated,-19.16149139404297,-9.651064872741697,-22.70335102081299,-8.507159233093262,-3.946500778198242,1.1197056770324707,4.223314046859741,0.5385796427726746,28,35.714285714285715
C0312,40,4000,0.4,exploratory_unvalidated,-16.16927719116211,-10.229338645935059,-22.52046012878418,-9.588199615478516,-5.913967609405518,0.885159969329834,5.5973289012908936,3.0837595462799072,40,22.5
C0313,60,6000,0.6,exploratory_unvalidated,-17.285463333129883,-9.778453826904297,-22.121670722961426,-11.879121780395508,-4.758739471435547,-1.94527006149292,4.247004985809326,0.7162753343582153,60,100.0
C0314,26,2600,0.26,exploratory_unvalidated,-17.98620891571045,-7.521857261657715,-22.382786750793457,-6.517141580581665,-4.117927551269531,1.7385961413383484,5.270539045333862,1.5995060205459595,26,19.230769230769234
C0315,68,6800,0.68,exploratory_unvalidated,-18.15731430053711,-9.765453338623047,-23.182729721069336,-11.624976634979248,-4.81887149810791,-1.1333661079406738,4.172393798828125,0.19593545794487,68,80.88235294117648
C0316,63,6300,0.63,exploratory_unvalidated,-18.791805267333984,-8.91946029663086,-23.553911209106445,-9.312417984008787,-4.655292510986328,0.0630426406860351,4.206414222717285,0.20960763096809387,63,46.03174603174603
C0317,156,15600,1.56,exploratory_unvalidated,-18.72946548461914,-9.885200023651123,-23.55033779144287,-9.800372123718262,-4.83499813079834,0.16869306564331055,4.25761342048645,0.3194262683391571,156,48.07692307692308
C0318,52,5200,0.52,exploratory_unvalidated,-18.1189546585083,-6.18681263923645,-22.658276557922363,-8.514362335205078,-4.376472473144531,-2.1142520904541016,4.125580549240112,0.2996414750814438,52,88.46153846153845
C0319,31,3100,0.31,exploratory_unvalidated,-18.18970489501953,-10.030531883239746,-23.330474853515625,-11.00271987915039,-5.565900802612305,-0.5970878601074219,4.254513263702393,0.34439817070961,31,58.06451612903226
C0320,32,3200,0.32,exploratory_unvalidated,-17.307443618774414,-7.787351369857788,-21.497652053833008,-7.451080799102783,-4.16579532623291,0.2340943813323974,5.7318806648254395,1.287767767906189,32,46.875
C0321,71,7100,0.71,exploratory_unvalidated,-18.31429481506348,-8.773836135864258,-22.288724899291992,-8.442145347595215,-4.099021911621094,0.0342469215393066,4.189168930053711,0.21263964474201202,71,47.88732394366197
C0322,67,6700,0.67,exploratory_unvalidated,-17.914514541625977,-9.498319625854492,-23.60324478149414,-11.908584594726562,-6.276269912719727,-1.6182165145874023,4.3060221672058105,0.5346488356590271,67,85.07462686567165
C0323,38,3800,0.38,exploratory_unvalidated,-17.95132541656494,-8.07581901550293,-22.56988525390625,-7.212255477905273,-4.119793891906738,0.7502646446228027,4.293313980102539,0.287331223487854,38,21.052631578947366
C0324,48,4800,0.48,exploratory_unvalidated,-18.358067512512207,-10.961048126220703,-22.828834533691406,-11.582822322845459,-4.6865949630737305,-0.5645804405212402,4.459800481796265,0.6929906010627747,48,64.58333333333334
C0325,80,8000,0.8,exploratory_unvalidated,-16.000186443328857,-7.651154518127441,-22.010068893432617,-10.10234260559082,-5.9507856369018555,-2.5145773887634277,6.878483772277832,1.2089287042617798,80,98.75
C0326,54,5400,0.54,exploratory_unvalidated,-15.760789394378662,-8.369383811950684,-22.12162971496582,-9.304391860961914,-6.639493942260742,-1.0881080627441406,4.526040077209473,0.4399707317352295,54,68.51851851851852
C0327,33,3300,0.33,exploratory_unvalidated,-19.8872184753418,-10.332281112670898,-23.715974807739254,-8.540698051452637,-3.90974235534668,1.3178329467773438,4.223962306976318,0.7873926162719727,33,9.090909090909092
C0328,192,19200,1.92,exploratory_unvalidated,-18.243728637695312,-8.433868408203125,-22.986568450927734,-9.817943096160889,-4.744035720825195,-1.1070024967193604,4.071864366531372,0.22100317478179932,192,77.08333333333334
C0329,30,3000,0.3,exploratory_unvalidated,-19.17271327972412,-8.807195663452148,-23.166284561157227,-8.710176944732666,-3.7844743728637695,-0.05781126022338865,4.18259859085083,0.3542136996984482,30,50.0
C0330,88,8800,0.88,exploratory_unvalidated,-16.6985502243042,-11.516786098480225,-22.955289840698242,-11.715991973876953,-6.155128479003906,-0.12951231002807614,4.366589546203613,0.6300169229507446,88,52.27272727272727
C0331,74,7400,0.74,exploratory_unvalidated,-17.860102653503418,-8.45499038696289,-22.626602172851562,-10.009307384490967,-4.942094802856445,-1.2414703369140625,4.12388014793396,0.3299393653869629,74,63.51351351351351
C0332,83,8300,0.8300000000000001,exploratory_unvalidated,-19.15219497680664,-9.165695190429688,-23.591657638549805,-9.391621589660645,-4.107904434204102,-0.7118797302246094,4.113924503326416,0.9265794157981873,83,67.46987951807229
C0333,28,2800,0.28,exploratory_unvalidated,-17.941585540771484,-9.173312664031982,-21.56436824798584,-7.079901933670044,-3.596464157104492,1.556403398513794,3.9772950410842896,0.4014236629009247,28,10.714285714285714
C0334,38,3800,0.38,exploratory_unvalidated,-16.27760887145996,-5.905872106552124,-22.136043548583984,-8.520537853240967,-5.701723098754883,-2.741224765777588,1.992313385009766,1.0548230409622192,38,92.10526315789474
C0335,26,2600,0.26,exploratory_unvalidated,-18.31936740875244,-9.1552414894104,-22.348166465759277,-9.259352684020996,-3.931296348571777,-0.2030720710754394,4.610093593597412,0.5196384191513062,26,61.53846153846154
C0336,30,3000,0.3,exploratory_unvalidated,-18.379128456115723,-7.970296382904053,-22.50602912902832,-9.461390018463135,-4.151824951171875,-1.3885445594787598,4.478456258773804,0.4710686653852463,30,66.66666666666666
C0337,50,5000,0.5,exploratory_unvalidated,-17.560152053833008,-9.507482051849365,-22.27470302581787,-9.525614738464355,-4.8233489990234375,0.0919060707092285,4.228176593780518,0.4677492082118988,50,44.0
C0338,198,19800,1.98,exploratory_unvalidated,-18.544581413269043,-8.759345054626465,-23.252629280090332,-9.001205444335938,-4.838611602783203,-0.3401417732238769,4.146155834197998,0.7586028575897217,198,58.080808080808076
C0339,73,7300,0.73,exploratory_unvalidated,-17.98789405822754,-8.492341041564941,-22.373144149780277,-8.30201530456543,-4.213895797729492,0.1664972305297851,4.089823246002197,0.21517176926136017,73,42.465753424657535
C0340,840,84000,8.4,exploratory_unvalidated,-18.132551193237305,-9.260228157043457,-23.26343822479248,-10.440997123718262,-4.874285697937012,-1.156724452972412,4.141889572143555,0.2749999761581421,840,75.23809523809524
C0341,81,8100,0.81,exploratory_unvalidated,-17.70685577392578,-10.023541450500488,-22.393510818481445,-10.054800987243652,-4.637765884399414,0.0433683395385742,4.373274326324463,1.168561339378357,81,49.382716049382715
C0342,31,3100,0.31,exploratory_unvalidated,-17.732912063598633,-9.185622215270996,-21.91823387145996,-11.406949996948242,-4.368497848510742,-2.4153451919555664,4.276923656463623,0.879403293132782,31,96.7741935483871
C0343,49,4900,0.49,exploratory_unvalidated,-18.07524871826172,-9.467482566833496,-22.52288627624512,-10.833185195922852,-4.698482513427734,-1.6538057327270508,3.996984243392944,0.5632829666137695,49,95.91836734693877
C0344,68,6800,0.68,exploratory_unvalidated,-18.99008083343506,-8.689401626586914,-23.70465850830078,-10.402882099151611,-4.367950439453125,-1.8620996475219727,4.008645057678223,0.3357182741165161,68,85.29411764705883
C0345,48,4800,0.48,exploratory_unvalidated,-18.55172348022461,-9.49729061126709,-22.944037437438965,-9.149291515350342,-4.326445579528809,-0.5015649795532227,3.9489253759384155,0.296452134847641,48,60.416666666666664
C0346,27,2700,0.27,exploratory_unvalidated,-18.728931427001957,-10.711137771606444,-23.96341896057129,-11.627647399902344,-5.156183242797852,-1.072580337524414,3.816748857498169,0.2462168186903,27,100.0
C0347,49,4900,0.49,exploratory_unvalidated,-18.538108825683597,-8.81152057647705,-23.374679565429688,-10.575029373168944,-4.5772857666015625,-1.5230026245117188,3.865031719207764,0.302423357963562,49,85.71428571428571
C0348,175,17500,1.75,exploratory_unvalidated,-15.607940673828123,-9.607503890991213,-23.56303024291992,-12.237464904785156,-8.248846054077148,-2.731485366821289,8.346545219421387,0.983232855796814,175,97.71428571428571
C0349,96,9600,0.96,exploratory_unvalidated,-17.611329078674316,-8.770939826965332,-22.3448486328125,-9.515793323516846,-4.797682762145996,-1.235388457775116,3.3216689825057983,0.3798857033252716,96,72.91666666666666
C0350,41,4100,0.41000000000000003,exploratory_unvalidated,-18.59493827819824,-9.596392631530762,-22.131628036499023,-11.305933952331545,-3.909421920776367,-1.510114669799805,3.7987544536590576,0.21239128708839417,41,85.36585365853658
C0351,25,2500,0.25,exploratory_unvalidated,-17.93522834777832,-10.777079582214355,-21.76761817932129,-11.656715393066406,-4.053752899169922,-0.7501764297485352,4.271569728851318,0.8376390337944031,25,76.0
C0352,25,2500,0.25,exploratory_unvalidated,-17.382911682128906,-12.486172676086426,-22.237350463867188,-13.596574783325195,-4.1802978515625,-0.4739866256713867,3.6787517070770255,0.34458163380622864,25,72.0
C0353,76,7600,0.76,exploratory_unvalidated,-17.49961566925049,-10.65925121307373,-23.362340927124023,-10.46552324295044,-5.650023460388184,-0.3859577178955078,4.016648292541504,0.602934718132019,76,61.8421052631579
C0354,27,2700,0.27,exploratory_unvalidated,-19.339584350585938,-14.16212272644043,-23.31236267089844,-13.283634185791016,-3.807334899902344,0.9614944458007812,3.04043960571289,3.439486503601074,27,7.4074074074074066
C0355,58,5800,0.58,exploratory_unvalidated,-17.92588710784912,-9.234417915344238,-22.2705020904541,-9.944386959075928,-4.243381500244141,-0.8535370826721191,4.147796630859375,0.3473050892353058,58,67.24137931034483
C0356,30,3000,0.3,exploratory_unvalidated,-18.53742504119873,-6.648696184158325,-22.677851676940918,-8.632669448852539,-4.020621299743652,-1.759235143661499,3.8133957386016846,0.23366215080022812,30,86.66666666666667
C0357,657,65700,6.57,exploratory_unvalidated,-17.9315185546875,-8.858807563781738,-23.76790809631348,-10.908438682556152,-6.005084991455078,-1.7572507858276367,4.1040802001953125,0.3127584457397461,657,85.69254185692542
C0358,103,10300,1.03,exploratory_unvalidated,-16.405250549316406,-9.389725685119627,-22.018085479736328,-12.233318328857422,-5.595489501953125,-2.1830148696899414,5.941702365875244,1.636574387550354,103,95.14563106796116
C0359,25,2500,0.25,exploratory_unvalidated,-16.797836303710938,-10.035534858703612,-21.93133544921875,-10.506173133850098,-5.30811882019043,-0.5251398086547852,3.8280797004699703,0.43509379029273987,25,76.0
C0360,101,10100,1.01,exploratory_unvalidated,-17.549278259277344,-9.718421936035156,-22.61805534362793,-9.96865177154541,-5.134557723999023,-0.287628173828125,3.943753242492676,0.5630590915679932,101,57.42574257425742
C0361,28,2800,0.28,exploratory_unvalidated,-14.28870677947998,-9.374344825744629,-22.527277946472168,-11.252102375030518,-8.174066066741943,-1.7146835327148438,4.23037052154541,1.6773853302001953,28,96.42857142857143
C0362,29,2900,0.29,exploratory_unvalidated,-17.680171966552734,-9.792177200317385,-22.333478927612305,-9.83608055114746,-5.014917373657227,-0.2891435623168945,3.827261686325073,0.12068389356136322,29,55.172413793103445
C0363,50,5000,0.5,exploratory_unvalidated,-16.935800552368164,-9.61393404006958,-22.92967414855957,-12.191147327423096,-5.9205780029296875,-2.464456558227539,2.7787762880325317,0.42775924503803253,50,100.0
C0364,81,8100,0.81,exploratory_unvalidated,-17.13214874267578,-9.847610473632812,-23.893857955932617,-11.864678382873535,-6.471853256225586,-0.9882774353027344,3.784299850463867,0.67070472240448,81,72.8395061728395
C0365,60,6000,0.6,exploratory_unvalidated,-17.013525009155273,-10.593390464782715,-21.87865924835205,-11.899842262268066,-5.295214653015137,-1.3567843437194824,4.039501428604126,1.0174434185028076,60,88.33333333333333
C0366,167,16700,1.67,exploratory_unvalidated,-17.59738540649414,-9.678007125854492,-24.237621307373047,-11.115564346313477,-5.970212936401367,-1.278635025024414,3.948419570922852,0.633087694644928,167,79.04191616766467
C0367,25,2500,0.25,exploratory_unvalidated,-15.846199989318848,-7.333486080169678,-22.192386627197266,-10.19003963470459,-6.099462509155273,-2.6952834129333496,4.82546329498291,1.2122589349746704,25,88.0
C0368,36,3600,0.36,exploratory_unvalidated,-17.233874320983887,-8.681746482849121,-22.566913604736328,-11.128832817077637,-5.4954681396484375,-2.7928714752197266,3.960755467414856,0.508274108171463,36,91.66666666666666
C0369,311,31100,3.11,exploratory_unvalidated,-17.032703399658203,-10.034811973571776,-22.408018112182617,-11.789895057678224,-5.616241455078125,-1.7300996780395508,3.6037962436676025,0.3786029517650604,311,79.09967845659163
C0370,30,3000,0.3,exploratory_unvalidated,-18.62664794921875,-11.07704782485962,-23.424601554870605,-12.042887210845947,-4.577303886413574,-1.0119857788085938,3.9106820821762085,0.3143991231918335,30,76.66666666666667
C0371,80,8000,0.8,exploratory_unvalidated,-18.901761054992676,-9.142846584320068,-23.69567108154297,-10.149018287658691,-4.958386421203613,-0.9249444007873536,3.4465078115463257,0.3531913757324219,80,63.74999999999999
C0372,168,16800,1.68,exploratory_unvalidated,-18.384766578674316,-9.337342262268066,-23.50432777404785,-11.13554334640503,-5.109469413757324,-1.8627405166625977,3.5214697122573853,0.2964768707752228,168,91.07142857142857
C0373,1501,150100,15.01,exploratory_unvalidated,-17.64784049987793,-9.532272338867188,-23.60717010498047,-11.303421974182127,-5.966985702514648,-1.8037281036376955,3.5813796520233154,0.2140597552061081,1501,77.88141239173883
C0374,59,5900,0.59,exploratory_unvalidated,-18.636476516723636,-11.340662956237791,-25.340097427368164,-12.47329044342041,-6.230169296264648,-0.973796844482422,3.497609853744507,0.1481841504573822,59,88.13559322033898
C0375,410,41000,4.1,exploratory_unvalidated,-17.317130088806152,-10.675036907196045,-23.20519256591797,-11.769471168518066,-5.6083478927612305,-1.2649426460266113,3.6412909030914307,0.19733723998069763,410,73.90243902439025
C0376,110,11000,1.1,exploratory_unvalidated,-17.414074897766113,-10.833349227905273,-22.25442409515381,-10.476930618286133,-4.5184478759765625,0.0115280151367187,3.6532044410705566,0.20164352655410767,110,49.09090909090909
C0377,183,18300,1.83,exploratory_unvalidated,-18.916807174682617,-9.510015487670898,-23.55186080932617,-11.933670043945312,-4.934640884399414,-2.427309036254883,3.50109338760376,0.38870546221733093,183,97.81420765027322
C0378,25,2500,0.25,exploratory_unvalidated,-19.17341041564941,-7.45329475402832,-23.08187484741211,-8.622504234313965,-3.986604690551758,-1.4228415489196775,3.3911798000335693,0.14668317139148712,25,56.00000000000001
C0379,1073,107300,10.73,exploratory_unvalidated,-18.24051856994629,-8.154476165771484,-23.66391372680664,-10.966023445129396,-5.444793701171875,-2.752486228942871,3.4974985122680664,0.3213779628276825,1073,92.73066169617894
C0380,32,3200,0.32,exploratory_unvalidated,-15.250856399536133,-8.456609725952148,-21.584073066711426,-9.575910091400146,-6.3344035148620605,-0.7683730125427246,5.069181442260742,0.6281078457832336,32,87.5
C0381,147,14700,1.47,exploratory_unvalidated,-17.69593620300293,-9.589920997619627,-22.5947380065918,-12.085134506225586,-4.8869171142578125,-2.8410849571228027,3.7234275341033936,0.30093199014663696,147,88.43537414965986
C0382,32,3200,0.32,exploratory_unvalidated,-18.82301425933838,-8.88480806350708,-23.344310760498047,-10.284268379211426,-4.177670478820801,-1.6788215637207031,3.5057679414749146,0.20808646082878113,32,96.875
C0383,38,3800,0.38,exploratory_unvalidated,-17.027243614196777,-7.67603611946106,-22.197248458862305,-8.531195640563965,-5.116396903991699,-1.7168700695037842,3.4840911626815796,0.2830803617835045,38,84.21052631578947
C0384,25,2500,0.25,exploratory_unvalidated,-18.82540512084961,-7.48867654800415,-24.471004486083984,-10.35913372039795,-5.645599365234375,-2.4795351028442383,3.4235734939575195,0.3533788323402405,25,100.0
C0385,146,14600,1.46,exploratory_unvalidated,-18.659695625305176,-7.092973232269287,-23.044593811035156,-9.53741455078125,-4.3813323974609375,-2.5564022064208984,3.575329303741455,0.630858838558197,146,89.04109589041096
C0386,848,84800,8.48,exploratory_unvalidated,-17.34276294708252,-7.846056699752808,-23.13535213470459,-10.121636867523193,-5.692696571350098,-2.2122440338134766,3.7705429792404175,0.5195730328559875,848,91.0377358490566
C0387,106,10600,1.06,exploratory_unvalidated,-17.20634365081787,-8.57332992553711,-22.755614280700684,-10.18237829208374,-5.084212303161621,-1.5971460342407227,3.451333522796631,0.24846938252449036,106,76.41509433962264
C0388,79,7900,0.79,exploratory_unvalidated,-18.146223068237305,-7.2978739738464355,-24.02560234069824,-10.419232368469238,-5.75689697265625,-2.9099583625793457,3.319401264190674,0.6022683382034302,79,98.73417721518987
C0389,114,11400,1.1400000000000001,exploratory_unvalidated,-17.7271089553833,-9.248045921325684,-22.752148628234863,-9.452346801757812,-4.96357536315918,0.0530200004577636,3.5175116062164307,0.16896115243434906,114,48.24561403508772
C0390,66,6600,0.66,exploratory_unvalidated,-19.091546058654785,-8.82638692855835,-23.577881813049316,-9.6170334815979,-4.645636558532715,-0.5846943855285645,3.362727642059326,0.34274762868881226,66,68.18181818181817
C0391,82,8200,0.8200000000000001,exploratory_unvalidated,-16.476523399353027,-7.933849096298218,-21.82395839691162,-9.600699424743652,-5.714763641357422,-1.3213679790496826,4.113754749298096,1.2884198427200317,82,75.60975609756098
C0392,26,2600,0.26,exploratory_unvalidated,-18.113883018493652,-12.106593608856201,-22.41165828704834,-12.226917266845703,-4.749032020568848,-0.3688769340515137,5.998093843460083,1.2782275676727295,26,50.0
C0393,25,2500,0.25,exploratory_unvalidated,-17.568113327026367,-13.160684585571287,-23.036142349243164,-13.756486892700195,-5.083183288574219,-0.9340667724609376,3.1895415782928467,2.5352094173431396,25,72.0
C0394,44,4400,0.44,exploratory_unvalidated,-15.658739566802979,-9.135914325714111,-22.343165397644043,-10.806958675384521,-6.667123794555664,-1.2796902656555176,4.081228017807007,0.48231129348278046,44,100.0
C0395,27,2700,0.27,exploratory_unvalidated,-18.382537841796875,-7.787125587463379,-23.183921813964844,-9.120479583740234,-4.635721206665039,-1.099226951599121,3.543278694152832,0.3722134530544281,27,85.18518518518519
C0396,34,3400,0.34,exploratory_unvalidated,-16.810272216796875,-7.806176662445068,-22.713665008544922,-10.648612976074219,-5.890927791595459,-2.825770616531372,3.8114758729934692,0.6646379232406616,34,91.17647058823529
C0397,71,7100,0.71,exploratory_unvalidated,-17.140716552734375,-9.483963966369627,-21.906835556030277,-9.881609916687012,-4.522487640380859,-0.9954252243041992,3.703279733657837,0.6253572106361389,71,77.46478873239437
C0398,120,12000,1.2,exploratory_unvalidated,-15.865881443023682,-9.515300750732422,-22.035195350646973,-12.80359411239624,-6.51406192779541,-2.8843584060668945,3.862544298171997,0.7176002264022827,120,95.83333333333334
C0399,31,3100,0.31,exploratory_unvalidated,-17.344160079956055,-8.09920883178711,-22.80038452148437,-7.25327205657959,-5.300825119018555,0.9918031692504884,3.796578884124756,0.6531965732574463,31,41.935483870967744
C0400,29,2900,0.29,exploratory_unvalidated,-19.79131126403809,-12.514455795288086,-27.02546501159668,-17.195716857910156,-7.051862716674805,-4.299447059631348,3.048552989959717,4.1871442794799805,29,100.0
